#
# A fatal error has been detected by the Java Runtime Environment:
#
#  EXCEPTION_INT_DIVIDE_BY_ZERO (0xc0000094) at pc=0x00007ff834e929ac, pid=30624, tid=29724
#
# JRE version: Java(TM) SE Runtime Environment (25.0.1+8) (build 25.0.1+8-LTS-27)
# Java VM: Java HotSpot(TM) 64-Bit Server VM (25.0.1+8-LTS-27, mixed mode, emulated-client, sharing, tiered, compressed oops, compressed class ptrs, g1 gc, windows-amd64)
# Problematic frame:
# C  [k_means_cluster.dll+0x29ac]
#
# No core dump will be written. Minidumps are not enabled by default on client versions of Windows
#
# If you would like to submit a bug report, please visit:
#   https://bugreport.java.com/bugreport/crash.jsp
# The crash happened outside the Java Virtual Machine in native code.
# See problematic frame for where to report the bug.
#

---------------  S U M M A R Y ------------

Command Line: -XX:TieredStopAtLevel=1 -Dspring.output.ansi.enabled=always -Dcom.sun.management.jmxremote -Dspring.jmx.enabled=true -Dspring.liveBeansView.mbeanDomain -Dspring.application.admin.enabled=true -Dmanagement.endpoints.jmx.exposure.include=* -javaagent:C:\Program Files\JetBrains\IntelliJ IDEA 2025.1.1.1\lib\idea_rt.jar=4502 -Dfile.encoding=UTF-8 -Dsun.stdout.encoding=UTF-8 -Dsun.stderr.encoding=UTF-8 com.agripath.AcpServerApplication

Host: AMD Ryzen 7 8845H w/ Radeon 780M Graphics      , 16 cores, 15G,  Windows 11 , 64 bit Build 26100 (10.0.26100.4768)
Time: Fri May 29 10:44:32 2026 elapsed time: 8.673311 seconds (0d 0h 0m 8s)

---------------  T H R E A D  ---------------

Current thread (0x0000011656f0cee0):  JavaThread "http-nio-8080-exec-2" daemon [_thread_in_native, id=29724, stack(0x0000000fc7200000,0x0000000fc7300000) (1024K)]

Stack: [0x0000000fc7200000,0x0000000fc7300000],  sp=0x0000000fc72fd3e0,  free space=1012k
Native frames: (J=compiled Java code, j=interpreted, Vv=VM code, C=native code)
C  [k_means_cluster.dll+0x29ac]  (no source info available)
C  [k_means_cluster.dll+0x30ca]  (no source info available)
C  [k_means_cluster.dll+0x18ad]  (no source info available)
C  0x0000011645d2ccfe  (no source info available)

The last pc belongs to native method entry point (kind = native) (printed below).
Java frames: (J=compiled Java code, j=interpreted, Vv=VM code)
j  com.agripath.acpcommon.utils.KMeansClusterUtil.kMeans(IIIIII[[I)[[[I+0
j  com.agripath.service.AlgorithmPipelineService.cluster(Lcom/agripath/dto/ClusterRequestDTO;)Ljava/util/Map;+71
j  com.agripath.controller.AlgorithmController.cluster(Lcom/agripath/dto/ClusterRequestDTO;)Lcom/agripath/result/Result;+38
j  java.lang.invoke.LambdaForm$DMH+0x0000000032170400.invokeVirtual(Ljava/lang/Object;Ljava/lang/Object;Ljava/lang/Object;)Ljava/lang/Object;+11 java.base@25.0.1
j  java.lang.invoke.LambdaForm$MH+0x0000000032100800.invoke(Ljava/lang/Object;Ljava/lang/Object;Ljava/lang/Object;)Ljava/lang/Object;+52 java.base@25.0.1
J 4841 c1 jdk.internal.reflect.DirectMethodHandleAccessor.invoke(Ljava/lang/Object;[Ljava/lang/Object;)Ljava/lang/Object; java.base@25.0.1 (92 bytes) @ 0x0000011646670b94 [0x0000011646670800+0x0000000000000394]
J 4859 c1 java.lang.reflect.Method.invoke(Ljava/lang/Object;[Ljava/lang/Object;)Ljava/lang/Object; java.base@25.0.1 (108 bytes) @ 0x0000011646674f54 [0x0000011646674d80+0x00000000000001d4]
j  org.springframework.web.method.support.InvocableHandlerMethod.doInvoke([Ljava/lang/Object;)Ljava/lang/Object;+55
j  org.springframework.web.method.support.InvocableHandlerMethod.invokeForRequest(Lorg/springframework/web/context/request/NativeWebRequest;Lorg/springframework/web/method/support/ModelAndViewContainer;[Ljava/lang/Object;)Ljava/lang/Object;+82
j  org.springframework.web.servlet.mvc.method.annotation.ServletInvocableHandlerMethod.invokeAndHandle(Lorg/springframework/web/context/request/ServletWebRequest;Lorg/springframework/web/method/support/ModelAndViewContainer;[Ljava/lang/Object;)V+4
j  org.springframework.web.servlet.mvc.method.annotation.RequestMappingHandlerAdapter.invokeHandlerMethod(Ljakarta/servlet/http/HttpServletRequest;Ljakarta/servlet/http/HttpServletResponse;Lorg/springframework/web/method/HandlerMethod;)Lorg/springframework/web/servlet/ModelAndView;+300
j  org.springframework.web.servlet.mvc.method.annotation.RequestMappingHandlerAdapter.handleInternal(Ljakarta/servlet/http/HttpServletRequest;Ljakarta/servlet/http/HttpServletResponse;Lorg/springframework/web/method/HandlerMethod;)Lorg/springframework/web/servlet/ModelAndView;+81
j  org.springframework.web.servlet.mvc.method.AbstractHandlerMethodAdapter.handle(Ljakarta/servlet/http/HttpServletRequest;Ljakarta/servlet/http/HttpServletResponse;Ljava/lang/Object;)Lorg/springframework/web/servlet/ModelAndView;+7
j  org.springframework.web.servlet.DispatcherServlet.doDispatch(Ljakarta/servlet/http/HttpServletRequest;Ljakarta/servlet/http/HttpServletResponse;)V+184
j  org.springframework.web.servlet.DispatcherServlet.doService(Ljakarta/servlet/http/HttpServletRequest;Ljakarta/servlet/http/HttpServletResponse;)V+216
j  org.springframework.web.servlet.FrameworkServlet.processRequest(Ljakarta/servlet/http/HttpServletRequest;Ljakarta/servlet/http/HttpServletResponse;)V+70
j  org.springframework.web.servlet.FrameworkServlet.doPost(Ljakarta/servlet/http/HttpServletRequest;Ljakarta/servlet/http/HttpServletResponse;)V+3
j  jakarta.servlet.http.HttpServlet.service(Ljakarta/servlet/http/HttpServletRequest;Ljakarta/servlet/http/HttpServletResponse;)V+384
j  org.springframework.web.servlet.FrameworkServlet.service(Ljakarta/servlet/http/HttpServletRequest;Ljakarta/servlet/http/HttpServletResponse;)V+20
j  jakarta.servlet.http.HttpServlet.service(Ljakarta/servlet/ServletRequest;Ljakarta/servlet/ServletResponse;)V+37
j  org.apache.catalina.core.ApplicationFilterChain.doFilter(Ljakarta/servlet/ServletRequest;Ljakarta/servlet/ServletResponse;)V+162
j  org.apache.tomcat.websocket.server.WsFilter.doFilter(Ljakarta/servlet/ServletRequest;Ljakarta/servlet/ServletResponse;Ljakarta/servlet/FilterChain;)V+21
j  org.apache.catalina.core.ApplicationFilterChain.doFilter(Ljakarta/servlet/ServletRequest;Ljakarta/servlet/ServletResponse;)V+69
j  org.springframework.web.filter.CharacterEncodingFilter.doFilterInternal(Ljakarta/servlet/http/HttpServletRequest;Ljakarta/servlet/http/HttpServletResponse;Ljakarta/servlet/FilterChain;)V+53
j  org.springframework.web.filter.OncePerRequestFilter.doFilter(Ljakarta/servlet/ServletRequest;Ljakarta/servlet/ServletResponse;Ljakarta/servlet/FilterChain;)V+150
j  org.apache.catalina.core.ApplicationFilterChain.doFilter(Ljakarta/servlet/ServletRequest;Ljakarta/servlet/ServletResponse;)V+69
j  org.apache.catalina.core.StandardWrapperValve.invoke(Lorg/apache/catalina/connector/Request;Lorg/apache/catalina/connector/Response;)V+510
j  org.apache.catalina.core.StandardContextValve.invoke(Lorg/apache/catalina/connector/Request;Lorg/apache/catalina/connector/Response;)V+124
j  org.apache.catalina.authenticator.AuthenticatorBase.invoke(Lorg/apache/catalina/connector/Request;Lorg/apache/catalina/connector/Response;)V+221
j  org.apache.catalina.core.StandardHostValve.invoke(Lorg/apache/catalina/connector/Request;Lorg/apache/catalina/connector/Response;)V+125
j  org.apache.catalina.valves.ErrorReportValve.invoke(Lorg/apache/catalina/connector/Request;Lorg/apache/catalina/connector/Response;)V+6
j  org.apache.catalina.core.StandardEngineValve.invoke(Lorg/apache/catalina/connector/Request;Lorg/apache/catalina/connector/Response;)V+59
j  org.apache.catalina.connector.CoyoteAdapter.service(Lorg/apache/coyote/Request;Lorg/apache/coyote/Response;)V+179
j  org.apache.coyote.http11.Http11Processor.service(Lorg/apache/tomcat/util/net/SocketWrapperBase;)Lorg/apache/tomcat/util/net/AbstractEndpoint$Handler$SocketState;+796
j  org.apache.coyote.AbstractProcessorLight.process(Lorg/apache/tomcat/util/net/SocketWrapperBase;Lorg/apache/tomcat/util/net/SocketEvent;)Lorg/apache/tomcat/util/net/AbstractEndpoint$Handler$SocketState;+155
j  org.apache.coyote.AbstractProtocol$ConnectionHandler.process(Lorg/apache/tomcat/util/net/SocketWrapperBase;Lorg/apache/tomcat/util/net/SocketEvent;)Lorg/apache/tomcat/util/net/AbstractEndpoint$Handler$SocketState;+477
j  org.apache.tomcat.util.net.NioEndpoint$SocketProcessor.doRun()V+222
j  org.apache.tomcat.util.net.SocketProcessorBase.run()V+32
j  org.apache.tomcat.util.threads.ThreadPoolExecutor.runWorker(Lorg/apache/tomcat/util/threads/ThreadPoolExecutor$Worker;)V+92
j  org.apache.tomcat.util.threads.ThreadPoolExecutor$Worker.run()V+5
j  org.apache.tomcat.util.threads.TaskThread$WrappingRunnable.run()V+4
j  java.lang.Thread.runWith(Ljava/lang/Object;Ljava/lang/Runnable;)V+5 java.base@25.0.1
j  java.lang.Thread.run()V+19 java.base@25.0.1
v  ~StubRoutines::call_stub 0x0000011645d212ed

siginfo: EXCEPTION_INT_DIVIDE_BY_ZERO (0xc0000094)


Registers:
RAX=0x0000000000000178, RBX=0x0000000000000178, RCX=0x0000000fc72fd5c8, RDX=0x0000000000000000
RSP=0x0000000fc72fd3e0, RBP=0x0000000fc72fd4d0, RSI=0x0000000000000000, RDI=0x000000000000003d
R8 =0x0000000fc72fd484, R9 =0x0000000fc72fd440, R10=0x0000000000000000, R11=0x0000000fc72fd220
R12=0x0000000000000000, R13=0x0000011654f10988, R14=0x0000000fc72fd9b0, R15=0x0000011656f0cee0
RIP=0x00007ff834e929ac, EFLAGS=0x0000000000010202

XMM[0]=0x0000000000000000 0x0000000000000000
XMM[1]=0x0000000000000000 0x40b1890000000000
XMM[2]=0x0000000000000000 0xbf3ccc99e54c15a6
XMM[3]=0x0000000000000000 0x3e79ed1b410137c8
XMM[4]=0x0000000000000000 0xbf3ccc99e54c85b3
XMM[5]=0x0000000000000000 0x3e89ee143ad9ab3a
XMM[6]=0x0000000000000000 0x0000000000000000
XMM[7]=0x0000000000000000 0x0000000000000000
XMM[8]=0x0000000000000000 0x0000000000000000
XMM[9]=0x0000000000000000 0x0000000000000000
XMM[10]=0x0000000000000000 0x0000000000000000
XMM[11]=0x0000000000000000 0x0000000000000000
XMM[12]=0x0000000000000000 0x0000000000000000
XMM[13]=0x0000000000000000 0x0000000000000000
XMM[14]=0x0000000000000000 0x0000000000000000
XMM[15]=0x0000000000000000 0x0000000000000000
  MXCSR=0x00001fa0


Register to memory mapping:

RAX=0x0000000000000178 is an unknown value
RBX=0x0000000000000178 is an unknown value
RCX=0x0000000fc72fd5c8 is pointing into the stack for thread: 0x0000011656f0cee0
RDX=0x0 is null
RSP=0x0000000fc72fd3e0 is pointing into the stack for thread: 0x0000011656f0cee0
RBP=0x0000000fc72fd4d0 is pointing into the stack for thread: 0x0000011656f0cee0
RSI=0x0 is null
RDI=0x000000000000003d is an unknown value
R8 =0x0000000fc72fd484 is pointing into the stack for thread: 0x0000011656f0cee0
R9 =0x0000000fc72fd440 is pointing into the stack for thread: 0x0000011656f0cee0
R10=0x0 is null
R11=0x0000000fc72fd220 is pointing into the stack for thread: 0x0000011656f0cee0
R12=0x0 is null
R13=0x0000011654f10988 is pointing into metadata
R14=0x0000000fc72fd9b0 is pointing into the stack for thread: 0x0000011656f0cee0
R15=0x0000011656f0cee0 is a thread

Top of Stack: (sp=0x0000000fc72fd3e0)
0x0000000fc72fd3e0:   0000000fc72fd5c8 0000000000000026   ../.....&.......
0x0000000fc72fd3f0:   0000000fc72fd484 0000000fc72fd483   ../......./.....
0x0000000fc72fd400:   40d1890000000000 0000000000000000   .......@........
0x0000000fc72fd410:   0000000000000000 00007ff834eba365   ........e..4....
0x0000000fc72fd420:   423800000c225671 4050c00000000000   qV"...8B......P@
0x0000000fc72fd430:   0000000000000fda 0000000fc72fd5b0   ........../.....
0x0000000fc72fd440:   000001165120f520 000001165120f52c    . Q....,. Q....
0x0000000fc72fd450:   000001165120f52c 0000000000000002   ,. Q............
0x0000000fc72fd460:   000001165120f0e0 000001165120f0ec   .. Q...... Q....
0x0000000fc72fd470:   000001165120f0ec 000000000000003d   .. Q....=.......
0x0000000fc72fd480:   00000000c72fd4b0 00007ff834eb36fc   ../......6.4....
0x0000000fc72fd490:   0000000fc72fd5c8 0000000000000000   ../.............
0x0000000fc72fd4a0:   0000000fc72fd4e0 0000000fc72fd483   ../......./.....
0x0000000fc72fd4b0:   0000000fc72fd47b 00007ff800000026   {./.....&.......
0x0000000fc72fd4c0:   0000000fc72fd5c8 0000003d00000001   ../.........=...
0x0000000fc72fd4d0:   00000000000057ad 0000011654f109a8   .W.........T....
0x0000000fc72fd4e0:   000000000000003c 0000000000000000   <...............
0x0000000fc72fd4f0:   0000000fc72fd540 00007ff834e930ca   @./......0.4....
0x0000000fc72fd500:   0000000fc72fd590 000000000000001b   ../.............
0x0000000fc72fd510:   0000000fc72fd528 00007ff834ea8b7c   (./.....|..4....
0x0000000fc72fd520:   0000011657fd9758 000000260000001b   X..W........&...
0x0000000fc72fd530:   0000000200000003 0000000100000000   ................
0x0000000fc72fd540:   0000000fc72fd5d0 00007ff834e918ad   ../........4....
0x0000000fc72fd550:   0000000fc72fd590 00000116000003e8   ../.............
0x0000000fc72fd560:   0000000f000003e8 000000000000003c   ........<.......
0x0000000fc72fd570:   0000000f00000008 00007fff00000002   ................
0x0000000fc72fd580:   00007fff00000014 0000000fc72fd650   ........P./.....
0x0000000fc72fd590:   000003e8000003e8 000000080000003c   ........<.......
0x0000000fc72fd5a0:   0000001400000002 00007fff00000002   ................
0x0000000fc72fd5b0:   0000011651dac2c0 0000011651dac2cc   ...Q.......Q....
0x0000000fc72fd5c0:   0000011651dac2d0 00000116513170d0   ...Q.....p1Q....
0x0000000fc72fd5d0:   0000011651317870 0000011651317870   px1Q....px1Q....

Instructions: (pc=0x00007ff834e929ac)
  0x00007ff834e928ac:   80 2d 02 00 8b 10 01 da 89 10 48 8b 45 30 48 8d
  0x00007ff834e928bc:   48 38 8b 45 fc 48 98 48 89 c2 e8 15 0e 02 00 8b
  0x00007ff834e928cc:   58 04 48 8b 45 30 48 8d 48 38 8b 45 e8 48 98 48
  0x00007ff834e928dc:   89 c2 e8 fd 0d 02 00 8b 40 04 29 c3 48 8b 45 30
  0x00007ff834e928ec:   48 8d 48 38 8b 45 fc 48 98 48 89 c2 e8 e3 0d 02
  0x00007ff834e928fc:   00 8b 40 10 48 63 d0 48 8d 85 70 ff ff ff 48 89
  0x00007ff834e9290c:   c1 e8 1e 2d 02 00 8b 10 01 da 89 10 83 45 fc 01
  0x00007ff834e9291c:   48 8b 45 30 8b 40 08 39 45 fc 0f 8e 08 ff ff ff
  0x00007ff834e9292c:   c7 45 f8 01 00 00 00 e9 25 01 00 00 48 8b 45 30
  0x00007ff834e9293c:   48 8d 58 38 48 8b 45 30 48 8d 48 20 8b 45 f8 48
  0x00007ff834e9294c:   98 48 89 c2 e8 db 2c 02 00 8b 00 48 98 48 89 c2
  0x00007ff834e9295c:   48 89 d9 e8 7c 0d 02 00 8b 38 8b 45 f8 48 63 d0
  0x00007ff834e9296c:   48 8d 45 90 48 89 c1 e8 b8 2c 02 00 8b 18 48 8b
  0x00007ff834e9297c:   45 30 48 8d 70 38 48 8b 45 30 48 8d 48 20 8b 45
  0x00007ff834e9298c:   f8 48 98 48 89 c2 e8 99 2c 02 00 8b 00 48 98 48
  0x00007ff834e9299c:   89 c2 48 89 f1 e8 3a 0d 02 00 8b 70 08 89 d8 99
=>0x00007ff834e929ac:   f7 fe 8d 1c 07 8b 45 f8 48 63 d0 48 8d 45 90 48
  0x00007ff834e929bc:   89 c1 e8 6d 2c 02 00 89 18 48 8b 45 30 48 8d 58
  0x00007ff834e929cc:   38 48 8b 45 30 48 8d 48 20 8b 45 f8 48 98 48 89
  0x00007ff834e929dc:   c2 e8 4e 2c 02 00 8b 00 48 98 48 89 c2 48 89 d9
  0x00007ff834e929ec:   e8 ef 0c 02 00 8b 78 04 8b 45 f8 48 63 d0 48 8d
  0x00007ff834e929fc:   85 70 ff ff ff 48 89 c1 e8 27 2c 02 00 8b 18 48
  0x00007ff834e92a0c:   8b 45 30 48 8d 70 38 48 8b 45 30 48 8d 48 20 8b
  0x00007ff834e92a1c:   45 f8 48 98 48 89 c2 e8 08 2c 02 00 8b 00 48 98
  0x00007ff834e92a2c:   48 89 c2 48 89 f1 e8 a9 0c 02 00 8b 70 08 89 d8
  0x00007ff834e92a3c:   99 f7 fe 8d 1c 07 8b 45 f8 48 63 d0 48 8d 85 70
  0x00007ff834e92a4c:   ff ff ff 48 89 c1 e8 d9 2b 02 00 89 18 83 45 f8
  0x00007ff834e92a5c:   01 48 8b 45 30 8b 40 18 39 45 f8 0f 8e cb fe ff
  0x00007ff834e92a6c:   ff 48 8d 45 bb 48 89 45 d0 90 90 c7 45 bc ff ff
  0x00007ff834e92a7c:   ff 7f 48 8b 45 30 8b 40 18 83 c0 01 48 63 d0 4c
  0x00007ff834e92a8c:   8d 45 bb 48 8d 4d bc 48 8d 85 50 ff ff ff 4d 89
  0x00007ff834e92a9c:   c1 49 89 c8 48 89 c1 e8 a8 2a 02 00 48 8d 45 bb


Stack slot to memory mapping:

stack at sp + 0 slots: 0x0000000fc72fd5c8 is pointing into the stack for thread: 0x0000011656f0cee0
stack at sp + 1 slots: 0x0000000000000026 is an unknown value
stack at sp + 2 slots: 0x0000000fc72fd484 is pointing into the stack for thread: 0x0000011656f0cee0
stack at sp + 3 slots: 0x0000000fc72fd483 is pointing into the stack for thread: 0x0000011656f0cee0
stack at sp + 4 slots: 0x40d1890000000000 is an unknown value
stack at sp + 5 slots: 0x0 is null
stack at sp + 6 slots: 0x0 is null
stack at sp + 7 slots: 0x00007ff834eba365 k_means_cluster.dll

Lock stack of current Java thread (top to bottom):

native method entry point (kind = native)  [0x0000011645d2c960, 0x0000011645d2d528]  3016 bytes
[MachCode]
  0x0000011645d2c960: 488b 4b08 | 0fb7 492e | 584c 8d74 | ccf8 6800 | 0000 0068 | 0000 0000 | 5055 488b | ec41 5548 
  0x0000011645d2c980: 8b43 084c | 8d68 3848 | 8b40 0868 | 0000 0000 | 5348 8b50 | 1848 8b52 | 7048 8b12 | 5268 0000 
  0x0000011645d2c9a0: 0000 488b | 5010 5249 | 8bc6 482b | c548 c1e8 | 0350 6800 | 0000 0068 | f7ff ffff | 41c6 87f1 
  0x0000011645d2c9c0: 0400 0001 | 488b 4318 | 4885 c00f | 85b0 0000 | 00e8 0500 | 0000 e999 | 0000 0048 | 8bd3 488d 
  0x0000011645d2c9e0: 4424 084c | 896d c049 | 8bcf c5f8 | 7749 89af | 3804 0000 | 4989 8728 | 0400 0048 | 83ec 2040 
  0x0000011645d2ca00: f6c4 0f0f | 8419 0000 | 0048 83ec | 0848 b840 | 1f6e 8cff | 7f00 00ff | d048 83c4 | 08e9 0c00 
  0x0000011645d2ca20: 0000 48b8 | 401f 6e8c | ff7f 0000 | ffd0 4883 | c420 49c7 | 8728 0400 | 0000 0000 | 0049 c787 
  0x0000011645d2ca40: 3804 0000 | 0000 0000 | 49c7 8730 | 0400 0000 | 0000 00c5 | f877 4983 | 7f08 000f | 8405 0000 
  0x0000011645d2ca60: 00e9 7a47 | ffff 4c8b | 6dc0 4c8b | 75c8 4e8d | 74f5 00c3 | 488b 4318 | 4885 c00f | 8412 0000 
  0x0000011645d2ca80: 008b 4808 | 83c1 0289 | 4808 2348 | 2c0f 84e4 | 0900 0049 | 3ba7 7005 | 0000 0f87 | 4800 0000 
  0x0000011645d2caa0: 8984 2400 | f0ff ff89 | 8424 00e0 | ffff 8984 | 2400 d0ff | ff89 8424 | 00c0 ffff | 8984 2400 
  0x0000011645d2cac0: b0ff ff89 | 8424 00a0 | ffff 8984 | 2400 90ff | ff89 8424 | 0080 ffff | 493b a768 | 0500 0076 
  0x0000011645d2cae0: 0749 89a7 | 7005 0000 | 41c6 87f1 | 0400 0000 | 488b 5de8 | 4c8b 5b08 | 450f b75b | 2e41 c1e3 
  0x0000011645d2cb00: 0349 2be3 | 4883 ec20 | 4883 e4f0 | 4c8b 5b60 | 4d85 db0f | 85ab 0000 | 00e8 0500 | 0000 e999 
  0x0000011645d2cb20: 0000 0048 | 8bd3 488d | 4424 084c | 896d c049 | 8bcf c5f8 | 7749 89af | 3804 0000 | 4989 8728 
  0x0000011645d2cb40: 0400 0048 | 83ec 2040 | f6c4 0f0f | 8419 0000 | 0048 83ec | 0848 b870 | 486e 8cff | 7f00 00ff 
  0x0000011645d2cb60: d048 83c4 | 08e9 0c00 | 0000 48b8 | 7048 6e8c | ff7f 0000 | ffd0 4883 | c420 49c7 | 8728 0400 
  0x0000011645d2cb80: 0000 0000 | 0049 c787 | 3804 0000 | 0000 0000 | 49c7 8730 | 0400 0000 | 0000 00c5 | f877 4983 
  0x0000011645d2cba0: 7f08 000f | 8405 0000 | 00e9 3246 | ffff 4c8b | 6dc0 4c8b | 75c8 4e8d | 74f5 00c3 | 488b 5de8 
  0x0000011645d2cbc0: 4c8b 5b60 | 41ff d348 | 8b5d e848 | 8945 1844 | 0fb7 5b2c | 41f6 c308 | 0f84 1b00 | 0000 4c8b 
  0x0000011645d2cbe0: 5b08 4d8b | 5b08 4d8b | 5b18 4d8b | 5b70 4d8b | 1b4c 895d | 1048 8d55 | 1048 8b43 | 5849 baa0 
  0x0000011645d2cc00: 0fa9 8cff | 7f00 0049 | 3bc2 0f85 | ab00 0000 | e805 0000 | 00e9 9900 | 0000 488b | d348 8d44 
  0x0000011645d2cc20: 2408 4c89 | 6dc0 498b | cfc5 f877 | 4989 af38 | 0400 0049 | 8987 2804 | 0000 4883 | ec20 40f6 
  0x0000011645d2cc40: c40f 0f84 | 1900 0000 | 4883 ec08 | 48b8 7048 | 6e8c ff7f | 0000 ffd0 | 4883 c408 | e90c 0000 
  0x0000011645d2cc60: 0048 b870 | 486e 8cff | 7f00 00ff | d048 83c4 | 2049 c787 | 2804 0000 | 0000 0000 | 49c7 8738 
  0x0000011645d2cc80: 0400 0000 | 0000 0049 | c787 3004 | 0000 0000 | 0000 c5f8 | 7749 837f | 0800 0f84 | 0500 0000 
  0x0000011645d2cca0: e93b 45ff | ff4c 8b6d | c04c 8b75 | c84e 8d74 | f500 c348 | 8b5d e848 | 8b43 5849 | 8d8f 4804 
  0x0000011645d2ccc0: 0000 4c8d | 15d5 0000 | 004d 8997 | 3004 0000 | c5f8 7749 | 89af 3804 | 0000 4989 | a728 0400 
  0x0000011645d2cce0: 0041 c787 | d404 0000 | 0400 0000 | 493b a7c8 | 0500 0076 | 0749 89a7 | c805 0000 | ffd0 493b 
  0x0000011645d2cd00: a7c8 0500 | 0072 0b49 | c787 c805 | 0000 0000 | 0000 c5f8 | 7748 83ec | 10c5 fb11 | 0424 4883 
  0x0000011645d2cd20: ec10 4889 | 0424 48c7 | 4424 0800 | 0000 0041 | c787 d404 | 0000 0500 | 0000 f083 | 4424 c000 
  0x0000011645d2cd40: 493b 6f28 | 0f87 0e00 | 0000 4183 | bfd0 0400 | 0000 0f84 | 2000 0000 | 498b cf4c | 8be4 4883 
  0x0000011645d2cd60: ec20 4883 | e4f0 48b8 | a0ac 6f8c | ff7f 0000 | ffd0 498b | e44d 33e4 | 41c7 87d4 | 0400 0008 
  0x0000011645d2cd80: 0000 004d | 8b97 f005 | 0000 4983 | fa00 7435 | 49c7 87f0 | 0500 0000 | 0000 0041 | ffe2 49ba 
  0x0000011645d2cda0: 80ba d245 | 1601 0000 | 41ff d248 | 83ec 10c5 | fb11 0424 | 4883 ec10 | 4889 0424 | 48c7 4424 
  0x0000011645d2cdc0: 0800 0000 | 0049 c787 | 2804 0000 | 0000 0000 | 49c7 8738 | 0400 0000 | 0000 0049 | c787 3004 
  0x0000011645d2cde0: 0000 0000 | 0000 c5f8 | 774d 8b9f | b804 0000 | 41c7 8300 | 0100 0000 | 0000 0049 | bbda a3d2 
  0x0000011645d2ce00: 4516 0100 | 004c 3b5d | 180f 855b | 0200 0048 | 8b04 2448 | 83c4 1048 | 85c0 0f84 | 3502 0000 
  0x0000011645d2ce20: a803 0f85 | 0800 0000 | 488b 00e9 | 2502 0000 | a801 0f85 | 0900 0000 | 488b 40fe | e914 0200 
  0x0000011645d2ce40: 0048 8b40 | ff41 807f | 4800 0f84 | 0502 0000 | 4883 f800 | 0f84 fb01 | 0000 4d8b | 5f38 4d85 
  0x0000011645d2ce60: db0f 8414 | 0000 0049 | 83eb 084d | 895f 384d | 035f 4049 | 8903 e9da | 0100 0048 | 81ec f000 
  0x0000011645d2ce80: 0000 4889 | 0424 4889 | 4c24 0848 | 8954 2410 | 4c89 4424 | 184c 894c | 2420 4c89 | 5424 284c 
  0x0000011645d2cea0: 895c 2430 | c5fb 1144 | 2440 c5fb | 114c 2448 | c5fb 1154 | 2450 c5fb | 115c 2458 | c5fb 1164 
  0x0000011645d2cec0: 2460 c5fb | 116c 2468 | 62e1 ff08 | 1144 240e | 62e1 ff08 | 114c 240f | 62e1 ff08 | 1154 2410 
  0x0000011645d2cee0: 62e1 ff08 | 115c 2411 | 62e1 ff08 | 1164 2412 | 62e1 ff08 | 116c 2413 | 62e1 ff08 | 1174 2414 
  0x0000011645d2cf00: 62e1 ff08 | 117c 2415 | 6261 ff08 | 1144 2416 | 6261 ff08 | 114c 2417 | 6261 ff08 | 1154 2418 
  0x0000011645d2cf20: 6261 ff08 | 115c 2419 | 6261 ff08 | 1164 241a | 6261 ff08 | 116c 241b | 6261 ff08 | 1174 241c 
  0x0000011645d2cf40: 6261 ff08 | 117c 241d | 498b d748 | 8bc8 4883 | ec20 40f6 | c40f 0f84 | 1900 0000 | 4883 ec08 
  0x0000011645d2cf60: 48b8 2076 | 628c ff7f | 0000 ffd0 | 4883 c408 | e90c 0000 | 0048 b820 | 7662 8cff | 7f00 00ff 
  0x0000011645d2cf80: d048 83c4 | 2062 61ff | 0810 7c24 | 1d62 61ff | 0810 7424 | 1c62 61ff | 0810 6c24 | 1b62 61ff 
  0x0000011645d2cfa0: 0810 6424 | 1a62 61ff | 0810 5c24 | 1962 61ff | 0810 5424 | 1862 61ff | 0810 4c24 | 1762 61ff 
  0x0000011645d2cfc0: 0810 4424 | 1662 e1ff | 0810 7c24 | 1562 e1ff | 0810 7424 | 1462 e1ff | 0810 6c24 | 1362 e1ff 
  0x0000011645d2cfe0: 0810 6424 | 1262 e1ff | 0810 5c24 | 1162 e1ff | 0810 5424 | 1062 e1ff | 0810 4c24 | 0f62 e1ff 
  0x0000011645d2d000: 0810 4424 | 0ec5 fb10 | 6c24 68c5 | fb10 6424 | 60c5 fb10 | 5c24 58c5 | fb10 5424 | 50c5 fb10 
  0x0000011645d2d020: 4c24 48c5 | fb10 4424 | 404c 8b5c | 2430 4c8b | 5424 284c | 8b4c 2420 | 4c8b 4424 | 1848 8b54 
  0x0000011645d2d040: 2410 488b | 4c24 0848 | 8b04 2448 | 81c4 f000 | 0000 c5f8 | 7748 8945 | 1048 83ec | 1048 8904 
  0x0000011645d2d060: 2448 c744 | 2408 0000 | 0000 4183 | bf50 0500 | 0002 0f85 | bf00 0000 | 4881 ec80 | 0000 0048 
  0x0000011645d2d080: 8944 2478 | 4889 4c24 | 7048 8954 | 2468 4889 | 5c24 6048 | 896c 2450 | 4889 7424 | 4848 897c 
  0x0000011645d2d0a0: 2440 4c89 | 4424 384c | 894c 2430 | 4c89 5424 | 284c 895c | 2420 4c89 | 6424 184c | 896c 2410 
  0x0000011645d2d0c0: 4c89 7424 | 084c 893c | 244c 8be4 | 4883 ec20 | 4883 e4f0 | 48b8 10f7 | a88c ff7f | 0000 ffd0 
  0x0000011645d2d0e0: 498b e44c | 8b3c 244c | 8b74 2408 | 4c8b 6c24 | 104c 8b64 | 2418 4c8b | 5c24 204c | 8b54 2428 
  0x0000011645d2d100: 4c8b 4c24 | 304c 8b44 | 2438 488b | 7c24 4048 | 8b74 2448 | 488b 6c24 | 5048 8b5c | 2460 488b 
  0x0000011645d2d120: 5424 6848 | 8b4c 2470 | 488b 4424 | 7848 81c4 | 8000 0000 | 4d33 e448 | 8b5d e84c | 8b6b 084d 
  0x0000011645d2d140: 8d6d 3849 | 837f 0800 | 0f84 bb00 | 0000 e805 | 0000 00e9 | 9600 0000 | 488d 4424 | 084c 896d 
  0x0000011645d2d160: c049 8bcf | c5f8 7749 | 89af 3804 | 0000 4989 | 8728 0400 | 0048 83ec | 2040 f6c4 | 0f0f 8419 
  0x0000011645d2d180: 0000 0048 | 83ec 0848 | b8b0 666e | 8cff 7f00 | 00ff d048 | 83c4 08e9 | 0c00 0000 | 48b8 b066 
  0x0000011645d2d1a0: 6e8c ff7f | 0000 ffd0 | 4883 c420 | 49c7 8728 | 0400 0000 | 0000 0049 | c787 3804 | 0000 0000 
  0x0000011645d2d1c0: 0000 49c7 | 8730 0400 | 0000 0000 | 00c5 f877 | 4983 7f08 | 000f 8405 | 0000 00e9 | 0040 ffff 
  0x0000011645d2d1e0: 4c8b 6dc0 | 4c8b 75c8 | 4e8d 74f5 | 00c3 48b9 | 4808 d28c | ff7f 0000 | 4883 e4f0 | 48b8 008d 
  0x0000011645d2d200: 958c ff7f | 0000 ffd0 | f444 0fb7 | 5b2c 41f6 | c320 0f84 | 7201 0000 | 488d 55a8 | 4c8b 5a08 
  0x0000011645d2d220: 4d85 db0f | 85bb 0000 | 00e8 0500 | 0000 e996 | 0000 0048 | 8d44 2408 | 4c89 6dc0 | 498b cfc5 
  0x0000011645d2d240: f877 4989 | af38 0400 | 0049 8987 | 2804 0000 | 4883 ec20 | 40f6 c40f | 0f84 1900 | 0000 4883 
  0x0000011645d2d260: ec08 48b8 | e065 6e8c | ff7f 0000 | ffd0 4883 | c408 e90c | 0000 0048 | b8e0 656e | 8cff 7f00 
  0x0000011645d2d280: 00ff d048 | 83c4 2049 | c787 2804 | 0000 0000 | 0000 49c7 | 8738 0400 | 0000 0000 | 0049 c787 
  0x0000011645d2d2a0: 3004 0000 | 0000 0000 | c5f8 7749 | 837f 0800 | 0f84 0500 | 0000 e925 | 3fff ff4c | 8b6d c04c 
  0x0000011645d2d2c0: 8b75 c84e | 8d74 f500 | c348 b948 | 08d2 8cff | 7f00 0048 | 83e4 f048 | b800 8d95 | 8cff 7f00 
  0x0000011645d2d2e0: 00ff d0f4 | 4c89 6dc0 | 4c8b 4a08 | 48c7 4208 | 0000 0000 | 458b 87d8 | 0600 004f | 3b4c 07f8 
  0x0000011645d2d300: 0f85 4200 | 0000 4183 | afd8 0600 | 0008 4f3b | 4c07 f00f | 842a 0000 | 0049 8b01 | a802 0f85 
  0x0000011645d2d320: 1200 0000 | 4c8b c049 | 83c8 01f0 | 4d0f b101 | 0f84 0d00 | 0000 4183 | 87d8 0600 | 0008 e905 
  0x0000011645d2d340: 0000 00e9 | 3e00 0000 | 4c89 4a08 | 488b ca48 | 83ec 2040 | f6c4 0f0f | 8419 0000 | 0048 83ec 
  0x0000011645d2d360: 0848 b830 | 386e 8cff | 7f00 00ff | d048 83c4 | 08e9 0c00 | 0000 48b8 | 3038 6e8c | ff7f 0000 
  0x0000011645d2d380: ffd0 4883 | c420 4c8b | 6dc0 41c6 | 8796 0300 | 0001 493b | 6f28 0f87 | 0500 0000 | e9ab 0000 
  0x0000011645d2d3a0: 0048 83ec | 10c5 fb11 | 0424 4883 | ec10 4889 | 0424 48c7 | 4424 0800 | 0000 00c5 | f877 4989 
  0x0000011645d2d3c0: af38 0400 | 0049 babb | d3d2 4516 | 0100 004d | 8997 3004 | 0000 4989 | a728 0400 | 0049 8bcf 
  0x0000011645d2d3e0: 4883 ec20 | 40f6 c40f | 0f84 1900 | 0000 4883 | ec08 48b8 | d01e 6e8c | ff7f 0000 | ffd0 4883 
  0x0000011645d2d400: c408 e90c | 0000 0048 | b8d0 1e6e | 8cff 7f00 | 00ff d048 | 83c4 2049 | c787 2804 | 0000 0000 
  0x0000011645d2d420: 0000 49c7 | 8738 0400 | 0000 0000 | 0049 c787 | 3004 0000 | 0000 0000 | c5f8 7748 | 8b04 2448 
  0x0000011645d2d440: 83c4 10c5 | fb10 0424 | 4883 c410 | 488b 0424 | 4883 c410 | c5fb 1004 | 2448 83c4 | 104c 8b5d 
  0x0000011645d2d460: 1841 ffd3 | 4c8b 5df8 | c941 c687 | 9603 0000 | 005f 498b | e3ff e7ba | 0000 0000 | e805 0000 
  0x0000011645d2d480: 00e9 9600 | 0000 488d | 4424 084c | 896d c049 | 8bcf c5f8 | 7749 89af | 3804 0000 | 4989 8728 
  0x0000011645d2d4a0: 0400 0048 | 83ec 2040 | f6c4 0f0f | 8419 0000 | 0048 83ec | 0848 b820 | 2e6e 8cff | 7f00 00ff 
  0x0000011645d2d4c0: d048 83c4 | 08e9 0c00 | 0000 48b8 | 202e 6e8c | ff7f 0000 | ffd0 4883 | c420 49c7 | 8728 0400 
  0x0000011645d2d4e0: 0000 0000 | 0049 c787 | 3804 0000 | 0000 0000 | 49c7 8730 | 0400 0000 | 0000 00c5 | f877 4983 
  0x0000011645d2d500: 7f08 000f | 8405 0000 | 00e9 d23c | ffff 4c8b | 6dc0 4c8b | 75c8 4e8d | 74f5 00c3 | 488b 5de8 
  0x0000011645d2d520: e96e f5ff | ff66 6690 
[/MachCode]

Compiled method (c1) 8750 4841   !   1       jdk.internal.reflect.DirectMethodHandleAccessor::invoke (92 bytes)
 total in heap  [0x0000011646670708,0x0000011646671328] = 3104
 main code      [0x0000011646670800,0x0000011646671208] = 2568
 stub code      [0x0000011646671208,0x0000011646671318] = 272
 oops           [0x0000011646671318,0x0000011646671328] = 16
 mutable data [0x0000011657b5ec10,0x0000011657b5ee80] = 624
 relocation     [0x0000011657b5ec10,0x0000011657b5ee10] = 512
 metadata       [0x0000011657b5ee10,0x0000011657b5ee80] = 112
 immutable data [0x00000116512c96a0,0x00000116512ca530] = 3728
 dependencies   [0x00000116512c96a0,0x00000116512c96c0] = 32
 nul chk table  [0x00000116512c96c0,0x00000116512c9760] = 160
 handler table  [0x00000116512c9760,0x00000116512c9e80] = 1824
 scopes pcs     [0x00000116512c9e80,0x00000116512ca220] = 928
 scopes data    [0x00000116512ca220,0x00000116512ca530] = 784

[Constant Pool (empty)]

[MachCode]
[Instructions begin]
  0x0000011646670800: 660f 1f84 | 0000 0000 | 0066 0f1f | 8400 0000 | 0000 448b | 5208 443b 

  0x0000011646670818: ;   {runtime_call Shared Runtime ic_miss_blob}
  0x0000011646670818: 5008 0f85 | c0e4 6fff 
[Verified Entry Point]
  0x0000011646670820: 8984 2400 | 80ff ff55 | 4881 ec60 | 0100 0090 | 4181 7f20 | 0500 0000 

  0x0000011646670838: ;   {runtime_call Stub::method_entry_barrier}
  0x0000011646670838: 7405 e8a1 | 5d6e ff48 | 8994 24b0 | 0000 004c | 8984 24c0 | 0000 004c | 898c 24b8 | 0000 008b 
  0x0000011646670858: 7210 81e6 | 0002 0000 | 81fe 0002 | 0000 be00 | 0000 0075 | 05be 0100 | 0000 83e6 | 0185 f60f 
  0x0000011646670878: 8527 0000 | 0049 8bf0 | 4c8b c648 | 8bfa 488b | d766 0f1f 

  0x000001164667088c: ;   {optimized virtual_call}
  0x000001164667088c: 4400 00e8 

  0x0000011646670890: ; ImmutableOopMap {[176]=Oop [184]=Oop [192]=Oop }
                      ;*invokevirtual checkReceiver {reexecute=0 rethrow=0 return_oop=0}
                      ; - jdk.internal.reflect.DirectMethodHandleAccessor::invoke@9 (line 100)
  0x0000011646670890: 8cd6 0400 

  0x0000011646670894: ;   {post_call_nop}
  0x0000011646670894: 0f1f 8400 | 8c01 0000 | 488b 9424 | b000 0000 | 448b 420c | 498b d04c | 8b84 24b8 | 0000 000f 
  0x00000116466708b4: ;   {static_call}
  0x00000116466708b4: 1f40 00e8 

  0x00000116466708b8: ; ImmutableOopMap {[176]=Oop [184]=Oop [192]=Oop }
                      ;*invokestatic checkArgumentCount {reexecute=0 rethrow=0 return_oop=0}
                      ; - jdk.internal.reflect.DirectMethodHandleAccessor::invoke@17 (line 102)
  0x00000116466708b8: c4eb ffff 

  0x00000116466708bc: ;   {post_call_nop}
  0x00000116466708bc: 0f1f 8400 | b401 0001 | 488b 9424 | b000 0000 | 8b72 0c85 | f60f 841a | 0200 0083 | fe01 0f84 
  0x00000116466708dc: 9901 0000 | 83fe 020f | 8400 0100 | 0083 fe03 | 0f84 5700 | 0000 8b72 | 1848 c1e6 | 0348 89b4 
  0x00000116466708fc: 24c8 0000 | 008b 7e10 | 48c1 e703 

  0x0000011646670908: ;   {oop(a 'java/lang/invoke/MethodType'{0x000000070c983fa8} = (Ljava/lang/Object;[Ljava/lang/Object;)Ljava/lang/Object;)}
  0x0000011646670908: 48bb a83f | 980c 0700 | 0000 483b | fb0f 8514 | 0400 008b | 7e14 48c1 | e703 8b7f | 1c48 c1e7 
  0x0000011646670928: 0348 85ff | 0f85 0503 | 0000 488b 

  0x0000011646670934: ;   {static_call}
  0x0000011646670934: d666 90e8 

  0x0000011646670938: ; ImmutableOopMap {[176]=Oop [184]=Oop [192]=Oop [200]=Oop }
                      ;*invokestatic maybeCustomize {reexecute=0 rethrow=0 return_oop=0}
                      ; - java.lang.invoke.Invokers::checkCustomized@19 (line 626)
                      ; - java.lang.invoke.Invokers$Holder::invokeExact_MT@14
                      ; - jdk.internal.reflect.DirectMethodHandleAccessor::invokeImpl@104 (line 158)
                      ; - jdk.internal.reflect.DirectMethodHandleAccessor::invoke@23 (line 104)
  0x0000011646670938: 44b1 bbff 

  0x000001164667093c: ;   {post_call_nop}
  0x000001164667093c: 0f1f 8400 | 3402 0002 | e9ee 0200 | 004c 8b8c | 24b8 0000 | 008b 7218 | 48c1 e603 | 4889 b424 
  0x000001164667095c: e800 0000 

  0x0000011646670960: ; implicit exception: dispatches to 0x00000116466710bb
  0x0000011646670960: 418b 790c | bb02 0000 | 003b df0f | 8d4f 0700 | 0041 8b79 | 1048 c1e7 | 0348 89bc | 24d0 0000 
  0x0000011646670980: 0041 8b59 | 1448 c1e3 | 0348 899c | 24d8 0000 | 0041 8b41 | 1848 c1e0 | 0348 8984 | 24e0 0000 
  0x00000116466709a0: 008b 4e10 | 48c1 e103 

  0x00000116466709a8: ;   {oop(a 'java/lang/invoke/MethodType'{0x000000070bd8f388} = (Ljava/lang/Object;Ljava/lang/Object;Ljava/lang/Object;Ljava/lang/Object;)Ljava/lang/Object;)}
  0x00000116466709a8: 49b8 88f3 | d80b 0700 | 0000 493b | c80f 8544 | 0300 008b | 4e14 48c1 | e103 8b49 | 1c48 c1e1 
  0x00000116466709c8: 0348 85c9 | 0f85 1d02 | 0000 488b 

  0x00000116466709d4: ;   {static_call}
  0x00000116466709d4: d666 90e8 

  0x00000116466709d8: ; ImmutableOopMap {[176]=Oop [192]=Oop [208]=Oop [216]=Oop [224]=Oop [232]=Oop }
                      ;*invokestatic maybeCustomize {reexecute=0 rethrow=0 return_oop=0}
                      ; - java.lang.invoke.Invokers::checkCustomized@19 (line 626)
                      ; - java.lang.invoke.LambdaForm$MH/0x0000000032088400::invokeExact_MT@15
                      ; - jdk.internal.reflect.DirectMethodHandleAccessor::invokeImpl@92 (line 157)
                      ; - jdk.internal.reflect.DirectMethodHandleAccessor::invoke@23 (line 104)
  0x00000116466709d8: a4b0 bbff 

  0x00000116466709dc: ;   {post_call_nop}
  0x00000116466709dc: 0f1f 8400 | d402 0003 | e906 0200 | 004c 8b8c | 24b8 0000 | 008b 7218 | 48c1 e603 | 4889 b424 
  0x00000116466709fc: 0001 0000 

  0x0000011646670a00: ; implicit exception: dispatches to 0x00000116466710cf
  0x0000011646670a00: 418b 790c | bb01 0000 | 003b df0f | 8dc3 0600 | 0041 8b79 | 1048 c1e7 | 0348 89bc | 24f0 0000 
  0x0000011646670a20: 0041 8b59 | 1448 c1e3 | 0348 899c | 24f8 0000 | 008b 4610 | 48c1 e003 

  0x0000011646670a38: ;   {oop(a 'java/lang/invoke/MethodType'{0x000000070bd8f178} = (Ljava/lang/Object;Ljava/lang/Object;Ljava/lang/Object;)Ljava/lang/Object;)}
  0x0000011646670a38: 48b9 78f1 | d80b 0700 | 0000 483b | c10f 8584 | 0200 008b | 4614 48c1 | e003 8b40 | 1c48 c1e0 
  0x0000011646670a58: 0348 85c0 | 0f85 4d01 | 0000 488b 

  0x0000011646670a64: ;   {static_call}
  0x0000011646670a64: d666 90e8 

  0x0000011646670a68: ; ImmutableOopMap {[176]=Oop [192]=Oop [240]=Oop [248]=Oop [256]=Oop }
                      ;*invokestatic maybeCustomize {reexecute=0 rethrow=0 return_oop=0}
                      ; - java.lang.invoke.Invokers::checkCustomized@19 (line 626)
                      ; - java.lang.invoke.LambdaForm$MH/0x0000000032042c00::invokeExact_MT@15
                      ; - jdk.internal.reflect.DirectMethodHandleAccessor::invokeImpl@72 (line 156)
                      ; - jdk.internal.reflect.DirectMethodHandleAccessor::invoke@23 (line 104)
  0x0000011646670a68: 14b0 bbff 

  0x0000011646670a6c: ;   {post_call_nop}
  0x0000011646670a6c: 0f1f 8400 | 6403 0004 | e936 0100 | 004c 8b8c | 24b8 0000 | 008b 7218 | 48c1 e603 | 4889 b424 
  0x0000011646670a8c: 1001 0000 

  0x0000011646670a90: ; implicit exception: dispatches to 0x00000116466710e3
  0x0000011646670a90: 4183 790c | 000f 8652 | 0600 0041 | 8b79 1048 | c1e7 0348 | 89bc 2408 | 0100 008b | 5e10 48c1 
  0x0000011646670ab0: ;   {oop(a 'java/lang/invoke/MethodType'{0x000000070bd8ef70} = (Ljava/lang/Object;Ljava/lang/Object;)Ljava/lang/Object;)}
  0x0000011646670ab0: e303 48b8 | 70ef d80b | 0700 0000 | 483b d80f | 85da 0100 | 008b 5e14 | 48c1 e303 

  0x0000011646670acc: ; implicit exception: dispatches to 0x0000011646671104
  0x0000011646670acc: 8b5b 1c48 | c1e3 0348 | 85db 0f85 | 9b00 0000 

  0x0000011646670adc: ;   {static_call}
  0x0000011646670adc: 488b d6e8 

  0x0000011646670ae0: ; ImmutableOopMap {[176]=Oop [192]=Oop [264]=Oop [272]=Oop }
                      ;*invokestatic maybeCustomize {reexecute=0 rethrow=0 return_oop=0}
                      ; - java.lang.invoke.Invokers::checkCustomized@19 (line 626)
                      ; - java.lang.invoke.Invokers$Holder::invokeExact_MT@14
                      ; - jdk.internal.reflect.DirectMethodHandleAccessor::invokeImpl@55 (line 155)
                      ; - jdk.internal.reflect.DirectMethodHandleAccessor::invoke@23 (line 104)
  0x0000011646670ae0: 9caf bbff 

  0x0000011646670ae4: ;   {post_call_nop}
  0x0000011646670ae4: 0f1f 8400 | dc03 0005 | e986 0000 | 008b 7218 | 48c1 e603 | 4889 b424 | 1801 0000 

  0x0000011646670b00: ; implicit exception: dispatches to 0x0000011646671109
  0x0000011646670b00: 8b7e 1048 

  0x0000011646670b04: ;   {oop(a 'java/lang/invoke/MethodType'{0x000000070bd8ed70} = (Ljava/lang/Object;)Ljava/lang/Object;)}
  0x0000011646670b04: c1e7 0348 | bb70 edd8 | 0b07 0000 | 0048 3bfb | 0f85 5501 | 0000 8b7e | 1448 c1e7 | 038b 7f1c 
  0x0000011646670b24: 48c1 e703 | 4885 ff0f | 8513 0000 | 0048 8bd6 

  0x0000011646670b34: ;   {static_call}
  0x0000011646670b34: 6666 90e8 

  0x0000011646670b38: ; ImmutableOopMap {[176]=Oop [192]=Oop [280]=Oop }
                      ;*invokestatic maybeCustomize {reexecute=0 rethrow=0 return_oop=0}
                      ; - java.lang.invoke.Invokers::checkCustomized@19 (line 626)
                      ; - java.lang.invoke.Invokers$Holder::invokeExact_MT@14
                      ; - jdk.internal.reflect.DirectMethodHandleAccessor::invokeImpl@41 (line 154)
                      ; - jdk.internal.reflect.DirectMethodHandleAccessor::invoke@23 (line 104)
  0x0000011646670b38: 44af bbff 

  0x0000011646670b3c: ;   {post_call_nop}
  0x0000011646670b3c: 0f1f 8400 | 3404 0006 | 4c8b 8424 | c000 0000 | 488b 9424 | 1801 0000 

  0x0000011646670b54: ;   {optimized virtual_call}
  0x0000011646670b54: 6666 90e8 

  0x0000011646670b58: ; ImmutableOopMap {[176]=Oop }
                      ;*invokevirtual invokeBasic {reexecute=0 rethrow=0 return_oop=0}
                      ; - java.lang.invoke.Invokers$Holder::invokeExact_MT@19
                      ; - jdk.internal.reflect.DirectMethodHandleAccessor::invokeImpl@41 (line 154)
                      ; - jdk.internal.reflect.DirectMethodHandleAccessor::invoke@23 (line 104)
  0x0000011646670b58: 2491 87ff 

  0x0000011646670b5c: ;   {post_call_nop}
  0x0000011646670b5c: 0f1f 8400 | 5404 0007 | 4881 c460 | 0100 005d 

  0x0000011646670b6c: ;   {poll_return}
  0x0000011646670b6c: 493b 6728 | 0f87 9d05 | 0000 c34c | 8b84 24c0 | 0000 004c | 8b8c 2408 | 0100 0048 | 8b94 2410 
  0x0000011646670b8c: ;   {optimized virtual_call}
  0x0000011646670b8c: 0100 00e8 

  0x0000011646670b90: ; ImmutableOopMap {[176]=Oop }
                      ;*invokevirtual invokeBasic {reexecute=0 rethrow=0 return_oop=0}
                      ; - java.lang.invoke.Invokers$Holder::invokeExact_MT@20
                      ; - jdk.internal.reflect.DirectMethodHandleAccessor::invokeImpl@55 (line 155)
                      ; - jdk.internal.reflect.DirectMethodHandleAccessor::invoke@23 (line 104)
  0x0000011646670b90: ec2d b3ff 

  0x0000011646670b94: ;   {post_call_nop}
  0x0000011646670b94: 0f1f 8400 | 8c04 0008 | 4881 c460 | 0100 005d 

  0x0000011646670ba4: ;   {poll_return}
  0x0000011646670ba4: 493b 6728 | 0f87 7b05 | 0000 c34c | 8b84 24c0 | 0000 004c | 8b8c 24f0 | 0000 0048 | 8bbc 24f8 
  0x0000011646670bc4: 0000 0048 | 8b94 2400 

  0x0000011646670bcc: ;   {optimized virtual_call}
  0x0000011646670bcc: 0100 00e8 

  0x0000011646670bd0: ; ImmutableOopMap {[176]=Oop }
                      ;*invokevirtual invokeBasic {reexecute=0 rethrow=0 return_oop=0}
                      ; - java.lang.invoke.LambdaForm$MH/0x0000000032042c00::invokeExact_MT@22
                      ; - jdk.internal.reflect.DirectMethodHandleAccessor::invokeImpl@72 (line 156)
                      ; - jdk.internal.reflect.DirectMethodHandleAccessor::invoke@23 (line 104)
  0x0000011646670bd0: acba b3ff 

  0x0000011646670bd4: ;   {post_call_nop}
  0x0000011646670bd4: 0f1f 8400 | cc04 0009 | 4881 c460 | 0100 005d 

  0x0000011646670be4: ;   {poll_return}
  0x0000011646670be4: 493b 6728 | 0f87 5105 | 0000 c34c | 8b84 24c0 | 0000 004c | 8b8c 24d0 | 0000 0048 | 8bbc 24d8 
  0x0000011646670c04: 0000 0048 | 8bb4 24e0 | 0000 0048 | 8b94 24e8 

  0x0000011646670c14: ;   {optimized virtual_call}
  0x0000011646670c14: 0000 00e8 

  0x0000011646670c18: ; ImmutableOopMap {[176]=Oop }
                      ;*invokevirtual invokeBasic {reexecute=0 rethrow=0 return_oop=0}
                      ; - java.lang.invoke.LambdaForm$MH/0x0000000032088400::invokeExact_MT@24
                      ; - jdk.internal.reflect.DirectMethodHandleAccessor::invokeImpl@92 (line 157)
                      ; - jdk.internal.reflect.DirectMethodHandleAccessor::invoke@23 (line 104)
  0x0000011646670c18: e409 97ff 

  0x0000011646670c1c: ;   {post_call_nop}
  0x0000011646670c1c: 0f1f 8400 | 1405 000a | 4881 c460 | 0100 005d 

  0x0000011646670c2c: ;   {poll_return}
  0x0000011646670c2c: 493b 6728 | 0f87 1f05 | 0000 c34c | 8b8c 24b8 | 0000 004c | 8b84 24c0 | 0000 0048 | 8b94 24c8 
  0x0000011646670c4c: ;   {optimized virtual_call}
  0x0000011646670c4c: 0000 00e8 

  0x0000011646670c50: ; ImmutableOopMap {[176]=Oop }
                      ;*invokevirtual invokeBasic {reexecute=0 rethrow=0 return_oop=0}
                      ; - java.lang.invoke.Invokers$Holder::invokeExact_MT@20
                      ; - jdk.internal.reflect.DirectMethodHandleAccessor::invokeImpl@104 (line 158)
                      ; - jdk.internal.reflect.DirectMethodHandleAccessor::invoke@23 (line 104)
  0x0000011646670c50: 2c2d b3ff 

  0x0000011646670c54: ;   {post_call_nop}
  0x0000011646670c54: 0f1f 8400 | 4c05 000b | 4881 c460 | 0100 005d 

  0x0000011646670c64: ;   {poll_return}
  0x0000011646670c64: 493b 6728 | 0f87 fd04 

  0x0000011646670c6c: ;   {oop(a 'java/lang/invoke/MethodType'{0x000000070bd8ed70} = (Ljava/lang/Object;)Ljava/lang/Object;)}
  0x0000011646670c6c: 0000 c349 | b870 edd8 | 0b07 0000 | 0048 8bd7 

  0x0000011646670c7c: ;   {static_call}
  0x0000011646670c7c: 6666 90e8 

  0x0000011646670c80: ; ImmutableOopMap {[176]=Oop [192]=Oop [280]=Oop }
                      ;*invokestatic newWrongMethodTypeException {reexecute=0 rethrow=0 return_oop=0}
                      ; - java.lang.invoke.Invokers::checkExactType@12 (line 531)
                      ; - java.lang.invoke.Invokers$Holder::invokeExact_MT@10
                      ; - jdk.internal.reflect.DirectMethodHandleAccessor::invokeImpl@41 (line 154)
                      ; - jdk.internal.reflect.DirectMethodHandleAccessor::invoke@23 (line 104)
  0x0000011646670c80: 5cef 6fff 

  0x0000011646670c84: ;   {post_call_nop}
  0x0000011646670c84: 0f1f 8400 | 7c05 000c 

  0x0000011646670c8c: ; implicit exception: dispatches to 0x0000011646671181
                      ; ImmutableOopMap {rax=Oop [176]=Oop [192]=Oop [280]=Oop }
                      ;*athrow {reexecute=1 rethrow=0 return_oop=0}
                      ; - (reexecute) java.lang.invoke.Invokers::checkExactType@15 (line 531)
                      ; - java.lang.invoke.Invokers$Holder::invokeExact_MT@10
                      ; - jdk.internal.reflect.DirectMethodHandleAccessor::invokeImpl@41 (line 154)
                      ; - jdk.internal.reflect.DirectMethodHandleAccessor::invoke@23 (line 104)
                      ;   {section_word}
  0x0000011646670c8c: 483b 0048 | ba8f 0c67 | 4616 0100 

  0x0000011646670c98: ;   {runtime_call C1 Runtime handle_exception_nofpu_blob}
  0x0000011646670c98: 00e8 c2bb 

  0x0000011646670c9c: ;   {oop(a 'java/lang/invoke/MethodType'{0x000000070bd8ef70} = (Ljava/lang/Object;Ljava/lang/Object;)Ljava/lang/Object;)}
  0x0000011646670c9c: 7bff 9049 | b870 efd8 | 0b07 0000 | 0048 8bd3 

  0x0000011646670cac: ;   {static_call}
  0x0000011646670cac: 6666 90e8 

  0x0000011646670cb0: ; ImmutableOopMap {[176]=Oop [192]=Oop [264]=Oop [272]=Oop }
                      ;*invokestatic newWrongMethodTypeException {reexecute=0 rethrow=0 return_oop=0}
                      ; - java.lang.invoke.Invokers::checkExactType@12 (line 531)
                      ; - java.lang.invoke.Invokers$Holder::invokeExact_MT@10
                      ; - jdk.internal.reflect.DirectMethodHandleAccessor::invokeImpl@55 (line 155)
                      ; - jdk.internal.reflect.DirectMethodHandleAccessor::invoke@23 (line 104)
  0x0000011646670cb0: 2cef 6fff 

  0x0000011646670cb4: ;   {post_call_nop}
  0x0000011646670cb4: 0f1f 8400 | ac05 000e 

  0x0000011646670cbc: ; implicit exception: dispatches to 0x0000011646671186
                      ; ImmutableOopMap {rax=Oop [176]=Oop [192]=Oop [264]=Oop [272]=Oop }
                      ;*athrow {reexecute=1 rethrow=0 return_oop=0}
                      ; - (reexecute) java.lang.invoke.Invokers::checkExactType@15 (line 531)
                      ; - java.lang.invoke.Invokers$Holder::invokeExact_MT@10
                      ; - jdk.internal.reflect.DirectMethodHandleAccessor::invokeImpl@55 (line 155)
                      ; - jdk.internal.reflect.DirectMethodHandleAccessor::invoke@23 (line 104)
                      ;   {section_word}
  0x0000011646670cbc: 483b 0048 | babf 0c67 | 4616 0100 

  0x0000011646670cc8: ;   {runtime_call C1 Runtime handle_exception_nofpu_blob}
  0x0000011646670cc8: 00e8 92bb 

  0x0000011646670ccc: ;   {oop(a 'java/lang/invoke/MethodType'{0x000000070bd8f178} = (Ljava/lang/Object;Ljava/lang/Object;Ljava/lang/Object;)Ljava/lang/Object;)}
  0x0000011646670ccc: 7bff 9049 | b878 f1d8 | 0b07 0000 | 0048 8bd0 

  0x0000011646670cdc: ;   {static_call}
  0x0000011646670cdc: 6666 90e8 

  0x0000011646670ce0: ; ImmutableOopMap {[176]=Oop [192]=Oop [240]=Oop [248]=Oop [256]=Oop }
                      ;*invokestatic newWrongMethodTypeException {reexecute=0 rethrow=0 return_oop=0}
                      ; - java.lang.invoke.Invokers::checkExactType@12 (line 531)
                      ; - java.lang.invoke.LambdaForm$MH/0x0000000032042c00::invokeExact_MT@11
                      ; - jdk.internal.reflect.DirectMethodHandleAccessor::invokeImpl@72 (line 156)
                      ; - jdk.internal.reflect.DirectMethodHandleAccessor::invoke@23 (line 104)
  0x0000011646670ce0: fcee 6fff 

  0x0000011646670ce4: ;   {post_call_nop}
  0x0000011646670ce4: 0f1f 8400 | dc05 0010 

  0x0000011646670cec: ; implicit exception: dispatches to 0x000001164667118b
                      ; ImmutableOopMap {rax=Oop [176]=Oop [192]=Oop [240]=Oop [248]=Oop [256]=Oop }
                      ;*athrow {reexecute=1 rethrow=0 return_oop=0}
                      ; - (reexecute) java.lang.invoke.Invokers::checkExactType@15 (line 531)
                      ; - java.lang.invoke.LambdaForm$MH/0x0000000032042c00::invokeExact_MT@11
                      ; - jdk.internal.reflect.DirectMethodHandleAccessor::invokeImpl@72 (line 156)
                      ; - jdk.internal.reflect.DirectMethodHandleAccessor::invoke@23 (line 104)
                      ;   {section_word}
  0x0000011646670cec: 483b 0048 | baef 0c67 | 4616 0100 

  0x0000011646670cf8: ;   {runtime_call C1 Runtime handle_exception_nofpu_blob}
  0x0000011646670cf8: 00e8 62bb 

  0x0000011646670cfc: ;   {oop(a 'java/lang/invoke/MethodType'{0x000000070bd8f388} = (Ljava/lang/Object;Ljava/lang/Object;Ljava/lang/Object;Ljava/lang/Object;)Ljava/lang/Object;)}
  0x0000011646670cfc: 7bff 9049 | b888 f3d8 | 0b07 0000 | 0048 8bd1 

  0x0000011646670d0c: ;   {static_call}
  0x0000011646670d0c: 6666 90e8 

  0x0000011646670d10: ; ImmutableOopMap {[176]=Oop [192]=Oop [208]=Oop [216]=Oop [224]=Oop [232]=Oop }
                      ;*invokestatic newWrongMethodTypeException {reexecute=0 rethrow=0 return_oop=0}
                      ; - java.lang.invoke.Invokers::checkExactType@12 (line 531)
                      ; - java.lang.invoke.LambdaForm$MH/0x0000000032088400::invokeExact_MT@11
                      ; - jdk.internal.reflect.DirectMethodHandleAccessor::invokeImpl@92 (line 157)
                      ; - jdk.internal.reflect.DirectMethodHandleAccessor::invoke@23 (line 104)
  0x0000011646670d10: ccee 6fff 

  0x0000011646670d14: ;   {post_call_nop}
  0x0000011646670d14: 0f1f 8400 | 0c06 0012 

  0x0000011646670d1c: ; implicit exception: dispatches to 0x0000011646671190
                      ; ImmutableOopMap {rax=Oop [176]=Oop [192]=Oop [208]=Oop [216]=Oop [224]=Oop [232]=Oop }
                      ;*athrow {reexecute=1 rethrow=0 return_oop=0}
                      ; - (reexecute) java.lang.invoke.Invokers::checkExactType@15 (line 531)
                      ; - java.lang.invoke.LambdaForm$MH/0x0000000032088400::invokeExact_MT@11
                      ; - jdk.internal.reflect.DirectMethodHandleAccessor::invokeImpl@92 (line 157)
                      ; - jdk.internal.reflect.DirectMethodHandleAccessor::invoke@23 (line 104)
                      ;   {section_word}
  0x0000011646670d1c: 483b 0048 | ba1f 0d67 | 4616 0100 

  0x0000011646670d28: ;   {runtime_call C1 Runtime handle_exception_nofpu_blob}
  0x0000011646670d28: 00e8 32bb 

  0x0000011646670d2c: ;   {oop(a 'java/lang/invoke/MethodType'{0x000000070c983fa8} = (Ljava/lang/Object;[Ljava/lang/Object;)Ljava/lang/Object;)}
  0x0000011646670d2c: 7bff 9048 | bba8 3f98 | 0c07 0000 | 0048 8bd7 

  0x0000011646670d3c: ;   {static_call}
  0x0000011646670d3c: 4c8b c3e8 

  0x0000011646670d40: ; ImmutableOopMap {[176]=Oop [184]=Oop [192]=Oop [200]=Oop }
                      ;*invokestatic newWrongMethodTypeException {reexecute=0 rethrow=0 return_oop=0}
                      ; - java.lang.invoke.Invokers::checkExactType@12 (line 531)
                      ; - java.lang.invoke.Invokers$Holder::invokeExact_MT@10
                      ; - jdk.internal.reflect.DirectMethodHandleAccessor::invokeImpl@104 (line 158)
                      ; - jdk.internal.reflect.DirectMethodHandleAccessor::invoke@23 (line 104)
  0x0000011646670d40: 9cee 6fff 

  0x0000011646670d44: ;   {post_call_nop}
  0x0000011646670d44: 0f1f 8400 | 3c06 0014 

  0x0000011646670d4c: ; implicit exception: dispatches to 0x0000011646671195
                      ; ImmutableOopMap {rax=Oop [176]=Oop [184]=Oop [192]=Oop [200]=Oop }
                      ;*athrow {reexecute=1 rethrow=0 return_oop=0}
                      ; - (reexecute) java.lang.invoke.Invokers::checkExactType@15 (line 531)
                      ; - java.lang.invoke.Invokers$Holder::invokeExact_MT@10
                      ; - jdk.internal.reflect.DirectMethodHandleAccessor::invokeImpl@104 (line 158)
                      ; - jdk.internal.reflect.DirectMethodHandleAccessor::invoke@23 (line 104)
                      ;   {section_word}
  0x0000011646670d4c: 483b 0048 | ba4f 0d67 | 4616 0100 

  0x0000011646670d58: ;   {runtime_call C1 Runtime handle_exception_nofpu_blob}
  0x0000011646670d58: 00e8 02bb | 7bff 9049 | 8b87 8805 | 0000 4d33 | d24d 8997 | 8805 0000 | 4d33 d24d | 8997 9005 
  0x0000011646670d78: ;   {oop(a 'java/lang/Class'{0x000000070c6878a0} = 'jdk/internal/reflect/DirectMethodHandleAccessor')}
  0x0000011646670d78: 0000 48ba | a078 680c | 0700 0000 | 4c8b c048 | 8984 2420 

  0x0000011646670d8c: ;   {static_call}
  0x0000011646670d8c: 0100 00e8 

  0x0000011646670d90: ; ImmutableOopMap {[288]=Oop }
                      ;*invokestatic isIllegalArgument {reexecute=0 rethrow=0 return_oop=0}
                      ; - jdk.internal.reflect.DirectMethodHandleAccessor::isIllegalArgument@3 (line 192)
                      ; - jdk.internal.reflect.DirectMethodHandleAccessor::invoke@58 (line 113)
  0x0000011646670d90: 4cee 6fff 

  0x0000011646670d94: ;   {post_call_nop}
  0x0000011646670d94: 0f1f 8400 | 8c06 0016 | 83e0 0185 | c00f 84ea | 0100 00e9 | 5d01 0000 | 498b 8788 | 0500 004d 
  0x0000011646670db4: 33d2 4d89 | 9788 0500 | 004d 33d2 | 4d89 9790 

  0x0000011646670dc4: ;   {oop(a 'java/lang/Class'{0x000000070c6878a0} = 'jdk/internal/reflect/DirectMethodHandleAccessor')}
  0x0000011646670dc4: 0500 0048 | baa0 7868 | 0c07 0000 | 004c 8bc0 | 4889 8424 | 2801 0000 

  0x0000011646670ddc: ;   {static_call}
  0x0000011646670ddc: 6666 90e8 

  0x0000011646670de0: ; ImmutableOopMap {[296]=Oop }
                      ;*invokestatic isIllegalArgument {reexecute=0 rethrow=0 return_oop=0}
                      ; - jdk.internal.reflect.DirectMethodHandleAccessor::isIllegalArgument@3 (line 192)
                      ; - jdk.internal.reflect.DirectMethodHandleAccessor::invoke@30 (line 106)
  0x0000011646670de0: fced 6fff 

  0x0000011646670de4: ;   {post_call_nop}
  0x0000011646670de4: 0f1f 8400 | dc06 0017 | 83e0 0185 | c00f 848a 

  0x0000011646670df4: ;   {metadata('java/lang/IllegalArgumentException')}
  0x0000011646670df4: 0000 0048 | ba68 e51d | 3100 0000 | 0049 8b87 | c801 0000 | 488d 7828 | 493b bfd8 | 0100 000f 
  0x0000011646670e14: 8781 0300 | 0049 89bf | c801 0000 | 48c7 0001 | 0000 0048 | 8bca 41ba | 0000 0031 | 492b ca89 
  0x0000011646670e34: 4808 4833 | c989 480c | 4833 c948 | 8948 1048 | 8948 1848 

  0x0000011646670e48: ;   {oop("argument type mismatch"{0x000000070c5a71a0})}
  0x0000011646670e48: 8948 2049 | b8a0 715a | 0c07 0000 | 0048 8bd0 | 4889 8424 | 3001 0000 | 0f1f 8000 

  0x0000011646670e64: ;   {optimized virtual_call}
  0x0000011646670e64: 0000 00e8 

  0x0000011646670e68: ; ImmutableOopMap {[304]=Oop }
                      ;*invokespecial <init> {reexecute=0 rethrow=0 return_oop=0}
                      ; - jdk.internal.reflect.DirectMethodHandleAccessor::invoke@42 (line 108)
  0x0000011646670e68: 74e3 6fff 

  0x0000011646670e6c: ;   {post_call_nop}
  0x0000011646670e6c: 0f1f 8400 | 6407 0018 | 488b 8424 | 3001 0000 | e977 0300 | 004c 8b84 | 2428 0100 

  0x0000011646670e88: ;   {metadata('java/lang/reflect/InvocationTargetException')}
  0x0000011646670e88: 0048 ba00 | aa00 3200 | 0000 0049 | 8b87 c801 | 0000 488d | 7828 493b | bfd8 0100 | 000f 87fc 
  0x0000011646670ea8: 0200 0049 | 89bf c801 | 0000 48c7 | 0001 0000 | 0048 8bca | 41ba 0000 | 0031 492b | ca89 4808 
  0x0000011646670ec8: 4833 c989 | 480c 4833 | c948 8948 | 1048 8948 | 1848 8948 | 2048 8bd0 | 4889 8424 | 3801 0000 
  0x0000011646670ee8: 0f1f 8000 

  0x0000011646670eec: ;   {optimized virtual_call}
  0x0000011646670eec: 0000 00e8 

  0x0000011646670ef0: ; ImmutableOopMap {[312]=Oop }
                      ;*invokespecial <init> {reexecute=0 rethrow=0 return_oop=0}
                      ; - jdk.internal.reflect.DirectMethodHandleAccessor::invoke@51 (line 110)
  0x0000011646670ef0: ece2 6fff 

  0x0000011646670ef4: ;   {post_call_nop}
  0x0000011646670ef4: 0f1f 8400 | ec07 0019 | 488b 8424 | 3801 0000 | e9ef 0200 

  0x0000011646670f08: ;   {metadata('java/lang/IllegalArgumentException')}
  0x0000011646670f08: 0048 ba68 | e51d 3100 | 0000 0049 | 8b87 c801 | 0000 488d | 7828 493b | bfd8 0100 | 000f 8789 
  0x0000011646670f28: 0200 0049 | 89bf c801 | 0000 48c7 | 0001 0000 | 0048 8bca | 41ba 0000 | 0031 492b | ca89 4808 
  0x0000011646670f48: 4833 c989 | 480c 4833 | c948 8948 | 1048 8948 | 1848 8948 | 204c 8b84 | 2420 0100 | 0048 8bd0 
  0x0000011646670f68: 4889 8424 | 4001 0000 | 0f1f 8000 

  0x0000011646670f74: ;   {optimized virtual_call}
  0x0000011646670f74: 0000 00e8 

  0x0000011646670f78: ; ImmutableOopMap {[320]=Oop }
                      ;*invokespecial <init> {reexecute=0 rethrow=0 return_oop=0}
                      ; - jdk.internal.reflect.DirectMethodHandleAccessor::invoke@69 (line 114)
  0x0000011646670f78: 64e2 6fff 

  0x0000011646670f7c: ;   {post_call_nop}
  0x0000011646670f7c: 0f1f 8400 | 7408 001a | 488b 8424 | 4001 0000 | e967 0200 | 004c 8b84 | 2420 0100 

  0x0000011646670f98: ;   {metadata('java/lang/reflect/InvocationTargetException')}
  0x0000011646670f98: 0048 ba00 | aa00 3200 | 0000 0049 | 8b87 c801 | 0000 488d | 7828 493b | bfd8 0100 | 000f 8706 
  0x0000011646670fb8: 0200 0049 | 89bf c801 | 0000 48c7 | 0001 0000 | 0048 8bca | 41ba 0000 | 0031 492b | ca89 4808 
  0x0000011646670fd8: 4833 c989 | 480c 4833 | c948 8948 | 1048 8948 | 1848 8948 | 2048 8bd0 | 4889 8424 | 4801 0000 
  0x0000011646670ff8: 0f1f 8000 

  0x0000011646670ffc: ;   {optimized virtual_call}
  0x0000011646670ffc: 0000 00e8 

  0x0000011646671000: ; ImmutableOopMap {[328]=Oop }
                      ;*invokespecial <init> {reexecute=0 rethrow=0 return_oop=0}
                      ; - jdk.internal.reflect.DirectMethodHandleAccessor::invoke@78 (line 116)
  0x0000011646671000: dce1 6fff 

  0x0000011646671004: ;   {post_call_nop}
  0x0000011646671004: 0f1f 8400 | fc08 001b | 488b 8424 | 4801 0000 | e9df 0100 | 0049 8b87 | 8805 0000 | 4d33 d24d 
  0x0000011646671024: 8997 8805 | 0000 4d33 | d24d 8997 | 9005 0000 

  0x0000011646671034: ;   {metadata('java/lang/reflect/InvocationTargetException')}
  0x0000011646671034: 4c8b c048 | ba00 aa00 | 3200 0000 | 0049 8b87 | c801 0000 | 488d 7828 | 493b bfd8 | 0100 000f 
  0x0000011646671054: 8775 0100 | 0049 89bf | c801 0000 | 48c7 0001 | 0000 0048 | 8bca 41ba | 0000 0031 | 492b ca89 
  0x0000011646671074: 4808 4833 | c989 480c | 4833 c948 | 8948 1048 | 8948 1848 | 8948 2048 | 8bd0 4889 | 8424 5001 
  0x0000011646671094: ;   {optimized virtual_call}
  0x0000011646671094: 0000 90e8 

  0x0000011646671098: ; ImmutableOopMap {[336]=Oop }
                      ;*invokespecial <init> {reexecute=0 rethrow=0 return_oop=0}
                      ; - jdk.internal.reflect.DirectMethodHandleAccessor::invoke@88 (line 119)
  0x0000011646671098: 44e1 6fff 

  0x000001164667109c: ;   {post_call_nop}
  0x000001164667109c: 0f1f 8400 | 9409 001c | 488b 8424 | 5001 0000 | e947 0100 

  0x00000116466710b0: ;   {runtime_call C1 Runtime throw_null_pointer_exception_blob}
  0x00000116466710b0: 00e8 aa8d 

  0x00000116466710b4: ; ImmutableOopMap {rdx=Oop rsi=Oop [176]=Oop [184]=Oop [192]=Oop [200]=Oop }
                      ;*invokevirtual type {reexecute=0 rethrow=0 return_oop=0}
                      ; - java.lang.invoke.Invokers::checkExactType@1 (line 529)
                      ; - java.lang.invoke.Invokers$Holder::invokeExact_MT@10
                      ; - jdk.internal.reflect.DirectMethodHandleAccessor::invokeImpl@104 (line 158)
                      ; - jdk.internal.reflect.DirectMethodHandleAccessor::invoke@23 (line 104)
                      ;   {runtime_call C1 Runtime throw_null_pointer_exception_blob}
  0x00000116466710b4: 7bff e8a5 

  0x00000116466710b8: ; ImmutableOopMap {rdx=Oop rsi=Oop [176]=Oop [184]=Oop [192]=Oop [200]=Oop }
                      ;*getfield customized {reexecute=1 rethrow=0 return_oop=0}
                      ; - (reexecute) java.lang.invoke.Invokers::checkCustomized@12 (line 625)
                      ; - java.lang.invoke.Invokers$Holder::invokeExact_MT@14
                      ; - jdk.internal.reflect.DirectMethodHandleAccessor::invokeImpl@104 (line 158)
                      ; - jdk.internal.reflect.DirectMethodHandleAccessor::invoke@23 (line 104)
                      ;   {runtime_call C1 Runtime predicate_failed_trap_blob}
  0x00000116466710b8: 8d7b ffe8 

  0x00000116466710bc: ; ImmutableOopMap {rdx=Oop r9=Oop rsi=Oop [176]=Oop [184]=Oop [192]=Oop [232]=Oop }
                      ;*aaload {reexecute=0 rethrow=0 return_oop=0}
                      ; - jdk.internal.reflect.DirectMethodHandleAccessor::invokeImpl@85 (line 157)
                      ; - jdk.internal.reflect.DirectMethodHandleAccessor::invoke@23 (line 104)
  0x00000116466710bc: 2006 7cff 

  0x00000116466710c0: ;   {runtime_call C1 Runtime predicate_failed_trap_blob}
  0x00000116466710c0: e81b 067c 

  0x00000116466710c4: ; ImmutableOopMap {rdx=Oop r9=Oop rsi=Oop [176]=Oop [184]=Oop [192]=Oop [232]=Oop }
                      ;*aaload {reexecute=0 rethrow=0 return_oop=0}
                      ; - jdk.internal.reflect.DirectMethodHandleAccessor::invokeImpl@85 (line 157)
                      ; - jdk.internal.reflect.DirectMethodHandleAccessor::invoke@23 (line 104)
                      ;   {runtime_call C1 Runtime throw_null_pointer_exception_blob}
  0x00000116466710c4: ffe8 968d 

  0x00000116466710c8: ; ImmutableOopMap {rdx=Oop rsi=Oop rdi=Oop rbx=Oop rax=Oop [176]=Oop [192]=Oop [208]=Oop [216]=Oop [224]=Oop [232]=Oop }
                      ;*invokevirtual type {reexecute=0 rethrow=0 return_oop=0}
                      ; - java.lang.invoke.Invokers::checkExactType@1 (line 529)
                      ; - java.lang.invoke.LambdaForm$MH/0x0000000032088400::invokeExact_MT@11
                      ; - jdk.internal.reflect.DirectMethodHandleAccessor::invokeImpl@92 (line 157)
                      ; - jdk.internal.reflect.DirectMethodHandleAccessor::invoke@23 (line 104)
                      ;   {runtime_call C1 Runtime throw_null_pointer_exception_blob}
  0x00000116466710c8: 7bff e891 

  0x00000116466710cc: ; ImmutableOopMap {rdx=Oop rsi=Oop rdi=Oop rbx=Oop rax=Oop [176]=Oop [192]=Oop [208]=Oop [216]=Oop [224]=Oop [232]=Oop }
                      ;*getfield customized {reexecute=1 rethrow=0 return_oop=0}
                      ; - (reexecute) java.lang.invoke.Invokers::checkCustomized@12 (line 625)
                      ; - java.lang.invoke.LambdaForm$MH/0x0000000032088400::invokeExact_MT@15
                      ; - jdk.internal.reflect.DirectMethodHandleAccessor::invokeImpl@92 (line 157)
                      ; - jdk.internal.reflect.DirectMethodHandleAccessor::invoke@23 (line 104)
                      ;   {runtime_call C1 Runtime predicate_failed_trap_blob}
  0x00000116466710cc: 8d7b ffe8 

  0x00000116466710d0: ; ImmutableOopMap {rdx=Oop r9=Oop rsi=Oop [176]=Oop [184]=Oop [192]=Oop [256]=Oop }
                      ;*aaload {reexecute=0 rethrow=0 return_oop=0}
                      ; - jdk.internal.reflect.DirectMethodHandleAccessor::invokeImpl@68 (line 156)
                      ; - jdk.internal.reflect.DirectMethodHandleAccessor::invoke@23 (line 104)
  0x00000116466710d0: 0c06 7cff 

  0x00000116466710d4: ;   {runtime_call C1 Runtime predicate_failed_trap_blob}
  0x00000116466710d4: e807 067c 

  0x00000116466710d8: ; ImmutableOopMap {rdx=Oop r9=Oop rsi=Oop [176]=Oop [184]=Oop [192]=Oop [256]=Oop }
                      ;*aaload {reexecute=0 rethrow=0 return_oop=0}
                      ; - jdk.internal.reflect.DirectMethodHandleAccessor::invokeImpl@68 (line 156)
                      ; - jdk.internal.reflect.DirectMethodHandleAccessor::invoke@23 (line 104)
                      ;   {runtime_call C1 Runtime throw_null_pointer_exception_blob}
  0x00000116466710d8: ffe8 828d 

  0x00000116466710dc: ; ImmutableOopMap {rdx=Oop rsi=Oop rdi=Oop rbx=Oop [176]=Oop [192]=Oop [240]=Oop [248]=Oop [256]=Oop }
                      ;*invokevirtual type {reexecute=0 rethrow=0 return_oop=0}
                      ; - java.lang.invoke.Invokers::checkExactType@1 (line 529)
                      ; - java.lang.invoke.LambdaForm$MH/0x0000000032042c00::invokeExact_MT@11
                      ; - jdk.internal.reflect.DirectMethodHandleAccessor::invokeImpl@72 (line 156)
                      ; - jdk.internal.reflect.DirectMethodHandleAccessor::invoke@23 (line 104)
                      ;   {runtime_call C1 Runtime throw_null_pointer_exception_blob}
  0x00000116466710dc: 7bff e87d 

  0x00000116466710e0: ; ImmutableOopMap {rdx=Oop rsi=Oop rdi=Oop rbx=Oop [176]=Oop [192]=Oop [240]=Oop [248]=Oop [256]=Oop }
                      ;*getfield customized {reexecute=1 rethrow=0 return_oop=0}
                      ; - (reexecute) java.lang.invoke.Invokers::checkCustomized@12 (line 625)
                      ; - java.lang.invoke.LambdaForm$MH/0x0000000032042c00::invokeExact_MT@15
                      ; - jdk.internal.reflect.DirectMethodHandleAccessor::invokeImpl@72 (line 156)
                      ; - jdk.internal.reflect.DirectMethodHandleAccessor::invoke@23 (line 104)
                      ;   {runtime_call C1 Runtime throw_null_pointer_exception_blob}
  0x00000116466710e0: 8d7b ffe8 

  0x00000116466710e4: ; ImmutableOopMap {rdx=Oop r9=Oop rsi=Oop [176]=Oop [184]=Oop [192]=Oop [272]=Oop }
                      ;*aaload {reexecute=0 rethrow=0 return_oop=0}
                      ; - jdk.internal.reflect.DirectMethodHandleAccessor::invokeImpl@54 (line 155)
                      ; - jdk.internal.reflect.DirectMethodHandleAccessor::invoke@23 (line 104)
  0x00000116466710e4: 788d 7bff 

  0x00000116466710e8: ;   {runtime_call C1 Runtime throw_null_pointer_exception_blob}
  0x00000116466710e8: e873 8d7b 

  0x00000116466710ec: ; ImmutableOopMap {rdx=Oop r9=Oop rsi=Oop [176]=Oop [184]=Oop [192]=Oop [272]=Oop }
                      ;*aaload {reexecute=0 rethrow=0 return_oop=0}
                      ; - jdk.internal.reflect.DirectMethodHandleAccessor::invokeImpl@54 (line 155)
                      ; - jdk.internal.reflect.DirectMethodHandleAccessor::invoke@23 (line 104)
  0x00000116466710ec: ff48 c704 | 2400 0000 | 004c 894c 

  0x00000116466710f8: ;   {runtime_call C1 Runtime throw_range_check_failed_blob}
  0x00000116466710f8: 2408 e8e1 

  0x00000116466710fc: ; ImmutableOopMap {rdx=Oop r9=Oop rsi=Oop [176]=Oop [184]=Oop [192]=Oop [272]=Oop }
                      ;*aaload {reexecute=0 rethrow=0 return_oop=0}
                      ; - jdk.internal.reflect.DirectMethodHandleAccessor::invokeImpl@54 (line 155)
                      ; - jdk.internal.reflect.DirectMethodHandleAccessor::invoke@23 (line 104)
                      ;   {runtime_call C1 Runtime throw_null_pointer_exception_blob}
  0x00000116466710fc: 7f7b ffe8 

  0x0000011646671100: ; ImmutableOopMap {rdx=Oop rsi=Oop rdi=Oop [176]=Oop [192]=Oop [264]=Oop [272]=Oop }
                      ;*invokevirtual type {reexecute=0 rethrow=0 return_oop=0}
                      ; - java.lang.invoke.Invokers::checkExactType@1 (line 529)
                      ; - java.lang.invoke.Invokers$Holder::invokeExact_MT@10
                      ; - jdk.internal.reflect.DirectMethodHandleAccessor::invokeImpl@55 (line 155)
                      ; - jdk.internal.reflect.DirectMethodHandleAccessor::invoke@23 (line 104)
  0x0000011646671100: 5c8d 7bff 

  0x0000011646671104: ;   {runtime_call C1 Runtime throw_null_pointer_exception_blob}
  0x0000011646671104: e857 8d7b 

  0x0000011646671108: ; ImmutableOopMap {rdx=Oop rsi=Oop rdi=Oop [176]=Oop [192]=Oop [264]=Oop [272]=Oop }
                      ;*getfield customized {reexecute=1 rethrow=0 return_oop=0}
                      ; - (reexecute) java.lang.invoke.Invokers::checkCustomized@12 (line 625)
                      ; - java.lang.invoke.Invokers$Holder::invokeExact_MT@14
                      ; - jdk.internal.reflect.DirectMethodHandleAccessor::invokeImpl@55 (line 155)
                      ; - jdk.internal.reflect.DirectMethodHandleAccessor::invoke@23 (line 104)
                      ;   {runtime_call C1 Runtime throw_null_pointer_exception_blob}
  0x0000011646671108: ffe8 528d 

  0x000001164667110c: ; ImmutableOopMap {rdx=Oop rsi=Oop [176]=Oop [192]=Oop [280]=Oop }
                      ;*invokevirtual type {reexecute=0 rethrow=0 return_oop=0}
                      ; - java.lang.invoke.Invokers::checkExactType@1 (line 529)
                      ; - java.lang.invoke.Invokers$Holder::invokeExact_MT@10
                      ; - jdk.internal.reflect.DirectMethodHandleAccessor::invokeImpl@41 (line 154)
                      ; - jdk.internal.reflect.DirectMethodHandleAccessor::invoke@23 (line 104)
                      ;   {runtime_call C1 Runtime throw_null_pointer_exception_blob}
  0x000001164667110c: 7bff e84d 

  0x0000011646671110: ; ImmutableOopMap {rdx=Oop rsi=Oop [176]=Oop [192]=Oop [280]=Oop }
                      ;*getfield customized {reexecute=1 rethrow=0 return_oop=0}
                      ; - (reexecute) java.lang.invoke.Invokers::checkCustomized@12 (line 625)
                      ; - java.lang.invoke.Invokers$Holder::invokeExact_MT@14
                      ; - jdk.internal.reflect.DirectMethodHandleAccessor::invokeImpl@41 (line 154)
                      ; - jdk.internal.reflect.DirectMethodHandleAccessor::invoke@23 (line 104)
                      ;   {internal_word}
  0x0000011646671110: 8d7b ff49 | ba6c 0b67 | 4616 0100 | 004d 8997 | e004 0000 

  0x0000011646671124: ;   {runtime_call SafepointBlob}
  0x0000011646671124: e937 1170 

  0x0000011646671128: ;   {internal_word}
  0x0000011646671128: ff49 baa4 | 0b67 4616 | 0100 004d | 8997 e004 

  0x0000011646671138: ;   {runtime_call SafepointBlob}
  0x0000011646671138: 0000 e921 

  0x000001164667113c: ;   {internal_word}
  0x000001164667113c: 1170 ff49 | bae4 0b67 | 4616 0100 | 004d 8997 | e004 0000 

  0x0000011646671150: ;   {runtime_call SafepointBlob}
  0x0000011646671150: e90b 1170 

  0x0000011646671154: ;   {internal_word}
  0x0000011646671154: ff49 ba2c | 0c67 4616 | 0100 004d | 8997 e004 

  0x0000011646671164: ;   {runtime_call SafepointBlob}
  0x0000011646671164: 0000 e9f5 

  0x0000011646671168: ;   {internal_word}
  0x0000011646671168: 1070 ff49 | ba64 0c67 | 4616 0100 | 004d 8997 | e004 0000 

  0x000001164667117c: ;   {runtime_call SafepointBlob}
  0x000001164667117c: e9df 1070 

  0x0000011646671180: ;   {runtime_call C1 Runtime throw_null_pointer_exception_blob}
  0x0000011646671180: ffe8 da8c 

  0x0000011646671184: ; ImmutableOopMap {rax=Oop [176]=Oop [192]=Oop [280]=Oop }
                      ;*athrow {reexecute=1 rethrow=0 return_oop=0}
                      ; - (reexecute) java.lang.invoke.Invokers::checkExactType@15 (line 531)
                      ; - java.lang.invoke.Invokers$Holder::invokeExact_MT@10
                      ; - jdk.internal.reflect.DirectMethodHandleAccessor::invokeImpl@41 (line 154)
                      ; - jdk.internal.reflect.DirectMethodHandleAccessor::invoke@23 (line 104)
                      ;   {runtime_call C1 Runtime throw_null_pointer_exception_blob}
  0x0000011646671184: 7bff e8d5 

  0x0000011646671188: ; ImmutableOopMap {rax=Oop [176]=Oop [192]=Oop [264]=Oop [272]=Oop }
                      ;*athrow {reexecute=1 rethrow=0 return_oop=0}
                      ; - (reexecute) java.lang.invoke.Invokers::checkExactType@15 (line 531)
                      ; - java.lang.invoke.Invokers$Holder::invokeExact_MT@10
                      ; - jdk.internal.reflect.DirectMethodHandleAccessor::invokeImpl@55 (line 155)
                      ; - jdk.internal.reflect.DirectMethodHandleAccessor::invoke@23 (line 104)
                      ;   {runtime_call C1 Runtime throw_null_pointer_exception_blob}
  0x0000011646671188: 8c7b ffe8 

  0x000001164667118c: ; ImmutableOopMap {rax=Oop [176]=Oop [192]=Oop [240]=Oop [248]=Oop [256]=Oop }
                      ;*athrow {reexecute=1 rethrow=0 return_oop=0}
                      ; - (reexecute) java.lang.invoke.Invokers::checkExactType@15 (line 531)
                      ; - java.lang.invoke.LambdaForm$MH/0x0000000032042c00::invokeExact_MT@11
                      ; - jdk.internal.reflect.DirectMethodHandleAccessor::invokeImpl@72 (line 156)
                      ; - jdk.internal.reflect.DirectMethodHandleAccessor::invoke@23 (line 104)
  0x000001164667118c: d08c 7bff 

  0x0000011646671190: ;   {runtime_call C1 Runtime throw_null_pointer_exception_blob}
  0x0000011646671190: e8cb 8c7b 

  0x0000011646671194: ; ImmutableOopMap {rax=Oop [176]=Oop [192]=Oop [208]=Oop [216]=Oop [224]=Oop [232]=Oop }
                      ;*athrow {reexecute=1 rethrow=0 return_oop=0}
                      ; - (reexecute) java.lang.invoke.Invokers::checkExactType@15 (line 531)
                      ; - java.lang.invoke.LambdaForm$MH/0x0000000032088400::invokeExact_MT@11
                      ; - jdk.internal.reflect.DirectMethodHandleAccessor::invokeImpl@92 (line 157)
                      ; - jdk.internal.reflect.DirectMethodHandleAccessor::invoke@23 (line 104)
                      ;   {runtime_call C1 Runtime throw_null_pointer_exception_blob}
  0x0000011646671194: ffe8 c68c 

  0x0000011646671198: ; ImmutableOopMap {rax=Oop [176]=Oop [184]=Oop [192]=Oop [200]=Oop }
                      ;*athrow {reexecute=1 rethrow=0 return_oop=0}
                      ; - (reexecute) java.lang.invoke.Invokers::checkExactType@15 (line 531)
                      ; - java.lang.invoke.Invokers$Holder::invokeExact_MT@10
                      ; - jdk.internal.reflect.DirectMethodHandleAccessor::invokeImpl@104 (line 158)
                      ; - jdk.internal.reflect.DirectMethodHandleAccessor::invoke@23 (line 104)
  0x0000011646671198: 7bff 488b 

  0x000001164667119c: ;   {runtime_call C1 Runtime fast_new_instance_blob}
  0x000001164667119c: d2e8 3ea0 

  0x00000116466711a0: ; ImmutableOopMap {}
                      ;*new {reexecute=0 rethrow=0 return_oop=0}
                      ; - jdk.internal.reflect.DirectMethodHandleAccessor::invoke@36 (line 108)
  0x00000116466711a0: 7bff e9a4 | fcff ff48 

  0x00000116466711a8: ;   {runtime_call C1 Runtime fast_new_instance_blob}
  0x00000116466711a8: 8bd2 e831 

  0x00000116466711ac: ; ImmutableOopMap {r8=Oop }
                      ;*new {reexecute=0 rethrow=0 return_oop=0}
                      ; - jdk.internal.reflect.DirectMethodHandleAccessor::invoke@46 (line 110)
  0x00000116466711ac: a07b ffe9 | 29fd ffff 

  0x00000116466711b4: ;   {runtime_call C1 Runtime fast_new_instance_blob}
  0x00000116466711b4: 488b d2e8 

  0x00000116466711b8: ; ImmutableOopMap {[288]=Oop }
                      ;*new {reexecute=0 rethrow=0 return_oop=0}
                      ; - jdk.internal.reflect.DirectMethodHandleAccessor::invoke@64 (line 114)
  0x00000116466711b8: 24a0 7bff | e99c fdff | ff48 8bd2 

  0x00000116466711c4: ;   {runtime_call C1 Runtime fast_new_instance_blob}
  0x00000116466711c4: e817 a07b 

  0x00000116466711c8: ; ImmutableOopMap {r8=Oop }
                      ;*new {reexecute=0 rethrow=0 return_oop=0}
                      ; - jdk.internal.reflect.DirectMethodHandleAccessor::invoke@73 (line 116)
  0x00000116466711c8: ffe9 1ffe | ffff 488b 

  0x00000116466711d0: ;   {runtime_call C1 Runtime fast_new_instance_blob}
  0x00000116466711d0: d2e8 0aa0 

  0x00000116466711d4: ; ImmutableOopMap {r8=Oop }
                      ;*new {reexecute=0 rethrow=0 return_oop=0}
                      ; - jdk.internal.reflect.DirectMethodHandleAccessor::invoke@83 (line 119)
  0x00000116466711d4: 7bff e9b0 | feff ff49 | 8b87 8805 | 0000 49c7 | 8788 0500 | 0000 0000 | 0049 c787 | 9005 0000 
  0x00000116466711f4: 0000 0000 | 4881 c460 | 0100 005d 

  0x0000011646671200: ;   {runtime_call C1 Runtime unwind_exception_blob}
  0x0000011646671200: e95b 747b | fff4 f4f4 
[Stub Code]
  0x0000011646671208: ;   {other}
  0x0000011646671208: 0f1f 4400 

  0x000001164667120c: ;   {static_stub}
  0x000001164667120c: 0048 bb00 | 0000 0000 

  0x0000011646671214: ;   {runtime_call nmethod}
  0x0000011646671214: 0000 00e9 | fbff ffff 

  0x000001164667121c: ;   {static_stub}
  0x000001164667121c: 9048 bb00 | 0000 0000 

  0x0000011646671224: ;   {runtime_call nmethod}
  0x0000011646671224: 0000 00e9 | fbff ffff 

  0x000001164667122c: ;   {static_stub}
  0x000001164667122c: 48bb 0000 | 0000 0000 

  0x0000011646671234: ;   {runtime_call nmethod}
  0x0000011646671234: 0000 e9fb 

  0x0000011646671238: ;   {static_stub}
  0x0000011646671238: ffff ff48 | bb00 0000 | 0000 0000 

  0x0000011646671244: ;   {runtime_call nmethod}
  0x0000011646671244: 00e9 fbff 

  0x0000011646671248: ;   {static_stub}
  0x0000011646671248: ffff 48bb | 0000 0000 | 0000 0000 

  0x0000011646671254: ;   {runtime_call nmethod}
  0x0000011646671254: e9fb ffff 

  0x0000011646671258: ;   {static_stub}
  0x0000011646671258: ff48 bb00 | 0000 0000 

  0x0000011646671260: ;   {runtime_call nmethod}
  0x0000011646671260: 0000 00e9 | fbff ffff 

  0x0000011646671268: ;   {static_stub}
  0x0000011646671268: 48bb 0000 | 0000 0000 

  0x0000011646671270: ;   {runtime_call nmethod}
  0x0000011646671270: 0000 e9fb 

  0x0000011646671274: ;   {static_stub}
  0x0000011646671274: ffff ff48 | bb00 0000 | 0000 0000 

  0x0000011646671280: ;   {runtime_call nmethod}
  0x0000011646671280: 00e9 fbff 

  0x0000011646671284: ;   {static_stub}
  0x0000011646671284: ffff 48bb | 0000 0000 | 0000 0000 

  0x0000011646671290: ;   {runtime_call nmethod}
  0x0000011646671290: e9fb ffff 

  0x0000011646671294: ;   {static_stub}
  0x0000011646671294: ff48 bb00 | 0000 0000 

  0x000001164667129c: ;   {runtime_call nmethod}
  0x000001164667129c: 0000 00e9 | fbff ffff 

  0x00000116466712a4: ;   {static_stub}
  0x00000116466712a4: 48bb 0000 | 0000 0000 

  0x00000116466712ac: ;   {runtime_call nmethod}
  0x00000116466712ac: 0000 e9fb 

  0x00000116466712b0: ;   {static_stub}
  0x00000116466712b0: ffff ff48 | bb98 9546 | 3100 0000 

  0x00000116466712bc: ;   {runtime_call I2C/C2I adapters}
  0x00000116466712bc: 00e9 f468 

  0x00000116466712c0: ;   {static_stub}
  0x00000116466712c0: 70ff 48bb | 0000 0000 | 0000 0000 

  0x00000116466712cc: ;   {runtime_call nmethod}
  0x00000116466712cc: e9fb ffff 

  0x00000116466712d0: ;   {runtime_call C1 Runtime handle_exception_from_callee_blob}
  0x00000116466712d0: ffe8 0abc 

  0x00000116466712d4: ;   {external_word}
  0x00000116466712d4: 7bff 48b9 | 4808 d28c | ff7f 0000 | 4883 e4f0 

  0x00000116466712e4: ;   {runtime_call}
  0x00000116466712e4: 48b8 008d | 958c ff7f | 0000 ffd0 

  0x00000116466712f0: ;   {section_word}
  0x00000116466712f0: f449 baf1 | 1267 4616 | 0100 0041 

  0x00000116466712fc: ;   {runtime_call DeoptimizationBlob}
  0x00000116466712fc: 52e9 def6 

  0x0000011646671300: ;   {section_word}
  0x0000011646671300: 6fff 49ba | 0213 6746 | 1601 0000 

  0x000001164667130c: ;   {runtime_call DeoptimizationBlob}
  0x000001164667130c: 4152 e9cd | f66f fff4 | f4f4 f4f4 
[/MachCode]


Compiled method (c1) 8769 4859       1       java.lang.reflect.Method::invoke (108 bytes)
 total in heap  [0x0000011646674c88,0x0000011646675068] = 992
 main code      [0x0000011646674d80,0x0000011646674fd0] = 592
 stub code      [0x0000011646674fd0,0x0000011646675068] = 152
 mutable data [0x0000011657832210,0x00000116578322b8] = 168
 relocation     [0x0000011657832210,0x00000116578322a0] = 144
 metadata       [0x00000116578322a0,0x00000116578322b8] = 24
 immutable data [0x00000116579a5810,0x00000116579a5938] = 296
 dependencies   [0x00000116579a5810,0x00000116579a5818] = 8
 nul chk table  [0x00000116579a5818,0x00000116579a5828] = 16
 scopes pcs     [0x00000116579a5828,0x00000116579a58b8] = 144
 scopes data    [0x00000116579a58b8,0x00000116579a5938] = 128

[Constant Pool (empty)]

[MachCode]
[Instructions begin]
  0x0000011646674d80: 660f 1f84 | 0000 0000 | 0066 0f1f | 8400 0000 | 0000 448b | 5208 443b 

  0x0000011646674d98: ;   {runtime_call Shared Runtime ic_miss_blob}
  0x0000011646674d98: 5008 0f85 | 409f 6fff 
[Verified Entry Point]
  0x0000011646674da0: 8984 2400 | 80ff ff55 | 4881 ec80 | 0000 0090 | 4181 7f20 | 0500 0000 

  0x0000011646674db8: ;   {runtime_call Stub::method_entry_barrier}
  0x0000011646674db8: 7405 e821 | 186e ff48 | 8954 2448 | 4c89 4424 | 504c 894c | 2458 488b | f248 8bd6 

  0x0000011646674dd4: ;   {optimized virtual_call}
  0x0000011646674dd4: 6666 90e8 

  0x0000011646674dd8: ; ImmutableOopMap {[72]=Oop [80]=Oop [88]=Oop }
                      ;*invokevirtual isCallerSensitive {reexecute=0 rethrow=0 return_oop=0}
                      ; - java.lang.reflect.Method::invoke@1 (line 546)
  0x0000011646674dd8: 449f d4ff 

  0x0000011646674ddc: ;   {post_call_nop}
  0x0000011646674ddc: 0f1f 8400 | 5401 0000 | 488b 5424 | 480f be72 | 0c85 f60f | 841b 0000 | 0085 c00f | 8513 0000 
  0x0000011646674dfc: ;   {oop(nullptr)}
  0x0000011646674dfc: 0048 bb00 | 0000 0000 | 0000 0089 | 4424 60e9 | 1c00 0000 | 8944 2460 

  0x0000011646674e14: ;   {static_call}
  0x0000011646674e14: 6666 90e8 

  0x0000011646674e18: ; ImmutableOopMap {[72]=Oop [80]=Oop [88]=Oop }
                      ;*invokestatic getCallerClass {reexecute=0 rethrow=0 return_oop=0}
                      ; - java.lang.reflect.Method::invoke@19 (line 549)
  0x0000011646674e18: f4df b9ff 

  0x0000011646674e1c: ;   {post_call_nop}
  0x0000011646674e1c: 0f1f 8400 | 9401 0001 | 488b d848 | 8b54 2448 | 440f be42 | 0c45 85c0 | 0f84 0a00 | 0000 4889 
  0x0000011646674e3c: 5c24 68e9 | 7d00 0000 | 448b 4a1c | 49c1 e103 | 8b72 504c | 8bc6 4183 | e008 4585 | c041 b800 
  0x0000011646674e5c: 0000 0074 | 0641 b801 | 0000 0041 | 83e0 0145 | 85c0 0f84 | 0f00 0000 

  0x0000011646674e74: ;   {oop(nullptr)}
  0x0000011646674e74: 48bf 0000 | 0000 0000 | 0000 e919 | 0000 004c | 8b44 2450 

  0x0000011646674e88: ; implicit exception: dispatches to 0x0000011646674f6f
  0x0000011646674e88: 418b 7808 | 41ba 0000 | 0031 4903 | fa48 8b7f | 7048 8b3f | 4c8b c348 | 8bca 488b | d148 895c 
  0x0000011646674ea8: 2468 0f1f 

  0x0000011646674eac: ;   {optimized virtual_call}
  0x0000011646674eac: 4400 00e8 

  0x0000011646674eb0: ; ImmutableOopMap {[72]=Oop [80]=Oop [88]=Oop [104]=Oop }
                      ;*invokevirtual checkAccess {reexecute=0 rethrow=0 return_oop=0}
                      ; - java.lang.reflect.Method::invoke@60 (line 556)
  0x0000011646674eb0: 6c00 bbff 

  0x0000011646674eb4: ;   {post_call_nop}
  0x0000011646674eb4: 0f1f 8400 | 2c02 0002 | 488b 5424 | 488b 7248 | 48c1 e603 | 4885 f60f | 8516 0000 | 0066 0f1f 
  0x0000011646674ed4: ;   {optimized virtual_call}
  0x0000011646674ed4: 4400 00e8 

  0x0000011646674ed8: ; ImmutableOopMap {[80]=Oop [88]=Oop [104]=Oop }
                      ;*invokevirtual acquireMethodAccessor {reexecute=0 rethrow=0 return_oop=0}
                      ; - java.lang.reflect.Method::invoke@75 (line 562)
  0x0000011646674ed8: 4501 0000 

  0x0000011646674edc: ;   {post_call_nop}
  0x0000011646674edc: 0f1f 8400 | 5402 0003 | 488b f08b | 4424 6085 | c00f 8444 | 0000 0048 | 8b5c 2468 | 4c8b 4424 
  0x0000011646674efc: 504c 8b4c | 2458 488b | fb48 8bd6 | 0f1f 4400 | 0048 b850 | 8d8b 5116 

  0x0000011646674f14: ;   {virtual_call}
  0x0000011646674f14: 0100 00e8 

  0x0000011646674f18: ; ImmutableOopMap {}
                      ;*invokeinterface invoke {reexecute=0 rethrow=0 return_oop=0}
                      ; - java.lang.reflect.Method::invoke@90 (line 565)
  0x0000011646674f18: c4a7 6fff 

  0x0000011646674f1c: ;   {post_call_nop}
  0x0000011646674f1c: 0f1f 8400 | 9402 0004 | 4881 c480 | 0000 005d 

  0x0000011646674f2c: ;   {poll_return}
  0x0000011646674f2c: 493b 6728 | 0f87 3e00 | 0000 c34c | 8b4c 2458 | 4c8b 4424 | 5048 8bd6 | 9048 b878 | 8d8b 5116 
  0x0000011646674f4c: ;   {virtual_call}
  0x0000011646674f4c: 0100 00e8 

  0x0000011646674f50: ; ImmutableOopMap {}
                      ;*invokeinterface invoke {reexecute=0 rethrow=0 return_oop=0}
                      ; - java.lang.reflect.Method::invoke@102 (line 565)
  0x0000011646674f50: beb8 ffff 

  0x0000011646674f54: ;   {post_call_nop}
  0x0000011646674f54: 0f1f 8400 | cc02 0005 | 4881 c480 | 0000 005d 

  0x0000011646674f64: ;   {poll_return}
  0x0000011646674f64: 493b 6728 | 0f87 1c00 

  0x0000011646674f6c: ;   {runtime_call C1 Runtime throw_null_pointer_exception_blob}
  0x0000011646674f6c: 0000 c3e8 

  0x0000011646674f70: ; ImmutableOopMap {rbx=Oop rdx=Oop r9=Oop r8=Oop [72]=Oop [80]=Oop [88]=Oop }
                      ;*invokevirtual getClass {reexecute=0 rethrow=0 return_oop=0}
                      ; - java.lang.reflect.Method::invoke@53 (line 557)
  0x0000011646674f70: ec4e 7bff 

  0x0000011646674f74: ;   {internal_word}
  0x0000011646674f74: 49ba 2c4f | 6746 1601 | 0000 4d89 | 97e0 0400 

  0x0000011646674f84: ;   {runtime_call SafepointBlob}
  0x0000011646674f84: 00e9 d6d2 

  0x0000011646674f88: ;   {internal_word}
  0x0000011646674f88: 6fff 49ba | 644f 6746 | 1601 0000 | 4d89 97e0 

  0x0000011646674f98: ;   {runtime_call SafepointBlob}
  0x0000011646674f98: 0400 00e9 | c0d2 6fff | 498b 8788 | 0500 0049 | c787 8805 | 0000 0000 | 0000 49c7 | 8790 0500 
  0x0000011646674fb8: 0000 0000 | 0048 81c4 | 8000 0000 

  0x0000011646674fc4: ;   {runtime_call C1 Runtime unwind_exception_blob}
  0x0000011646674fc4: 5de9 9636 | 7bff f4f4 | f4f4 f4f4 
[Stub Code]
  0x0000011646674fd0: ;   {other}
  0x0000011646674fd0: 0f1f 4400 

  0x0000011646674fd4: ;   {static_stub}
  0x0000011646674fd4: 0048 bb00 | 0000 0000 

  0x0000011646674fdc: ;   {runtime_call nmethod}
  0x0000011646674fdc: 0000 00e9 | fbff ffff 

  0x0000011646674fe4: ;   {static_stub}
  0x0000011646674fe4: 9048 bb00 | 0000 0000 

  0x0000011646674fec: ;   {runtime_call nmethod}
  0x0000011646674fec: 0000 00e9 | fbff ffff 

  0x0000011646674ff4: ;   {static_stub}
  0x0000011646674ff4: 48bb 0000 | 0000 0000 

  0x0000011646674ffc: ;   {runtime_call nmethod}
  0x0000011646674ffc: 0000 e9fb 

  0x0000011646675000: ;   {static_stub}
  0x0000011646675000: ffff ff48 | bb00 0000 | 0000 0000 

  0x000001164667500c: ;   {runtime_call nmethod}
  0x000001164667500c: 00e9 fbff 

  0x0000011646675010: ;   {static_stub}
  0x0000011646675010: ffff 48bb | 0000 0000 | 0000 0000 

  0x000001164667501c: ;   {runtime_call nmethod}
  0x000001164667501c: e9fb ffff 

  0x0000011646675020: ;   {static_stub}
  0x0000011646675020: ff48 bbe0 | dd1b 3100 

  0x0000011646675028: ;   {runtime_call I2C/C2I adapters}
  0x0000011646675028: 0000 00e9 | 82dd 6fff 
[Exception Handler]
  0x0000011646675030: ;   {runtime_call C1 Runtime handle_exception_from_callee_blob}
  0x0000011646675030: e8ab 7e7b 

  0x0000011646675034: ;   {external_word}
  0x0000011646675034: ff48 b948 | 08d2 8cff | 7f00 0048 

  0x0000011646675040: ;   {runtime_call}
  0x0000011646675040: 83e4 f048 | b800 8d95 | 8cff 7f00 | 00ff d0f4 
[Deopt Handler Code]
  0x0000011646675050: ;   {section_word}
  0x0000011646675050: 49ba 5050 | 6746 1601 | 0000 4152 

  0x000001164667505c: ;   {runtime_call DeoptimizationBlob}
  0x000001164667505c: e97f b96f | fff4 f4f4 | f4f4 f4f4 
[/MachCode]


---------------  P R O C E S S  ---------------

Threads class SMR info:
_java_thread_list=0x0000011657d9ff30, length=34, elements={
0x00000116506d23e0, 0x00000116506d2cf0, 0x00000116506c59f0, 0x00000116506c76f0,
0x00000116506cd230, 0x00000116506d06d0, 0x00000116506d0ff0, 0x00000116512f87a0,
0x0000011651955bb0, 0x0000011651957a00, 0x00000116564e33a0, 0x00000116564c0540,
0x00000116564f6ca0, 0x00000116564fe6d0, 0x0000011656f059b0, 0x0000011656f09830,
0x0000011656f06180, 0x0000011656f08890, 0x0000011656f0b770, 0x0000011656f0afa0,
0x0000011656f0c710, 0x0000011656f0cee0, 0x0000011656503650, 0x0000011657f7c8c0,
0x0000011657f7a1b0, 0x0000011657f7a980, 0x0000011657f7c0f0, 0x0000011657f7b920,
0x0000011657f7d860, 0x0000011657f98540, 0x0000011657f9d360, 0x0000011657f9db30,
0x0000011657f9e300, 0x0000011657f9f2a0
}

Java Threads: ( => current thread )
  0x00000116506d23e0 JavaThread "Reference Handler"          daemon [_thread_blocked, id=25228, stack(0x0000000fc4a00000,0x0000000fc4b00000) (1024K)]
  0x00000116506d2cf0 JavaThread "Finalizer"                  daemon [_thread_blocked, id=12888, stack(0x0000000fc4b00000,0x0000000fc4c00000) (1024K)]
  0x00000116506c59f0 JavaThread "Signal Dispatcher"          daemon [_thread_blocked, id=42540, stack(0x0000000fc4c00000,0x0000000fc4d00000) (1024K)]
  0x00000116506c76f0 JavaThread "Attach Listener"            daemon [_thread_blocked, id=5924, stack(0x0000000fc4d00000,0x0000000fc4e00000) (1024K)]
  0x00000116506cd230 JavaThread "Service Thread"             daemon [_thread_blocked, id=46248, stack(0x0000000fc4e00000,0x0000000fc4f00000) (1024K)]
  0x00000116506d06d0 JavaThread "Monitor Deflation Thread"   daemon [_thread_blocked, id=37624, stack(0x0000000fc4f00000,0x0000000fc5000000) (1024K)]
  0x00000116506d0ff0 JavaThread "C1 CompilerThread0"         daemon [_thread_blocked, id=23288, stack(0x0000000fc5000000,0x0000000fc5100000) (1024K)]
  0x00000116512f87a0 JavaThread "Common-Cleaner"             daemon [_thread_blocked, id=46892, stack(0x0000000fc5200000,0x0000000fc5300000) (1024K)]
  0x0000011651955bb0 JavaThread "Monitor Ctrl-Break"         daemon [_thread_in_native, id=14980, stack(0x0000000fc5700000,0x0000000fc5800000) (1024K)]
  0x0000011651957a00 JavaThread "Notification Thread"        daemon [_thread_blocked, id=41468, stack(0x0000000fc5800000,0x0000000fc5900000) (1024K)]
  0x00000116564e33a0 JavaThread "RMI TCP Accept-0"           daemon [_thread_in_native, id=12640, stack(0x0000000fc5900000,0x0000000fc5a00000) (1024K)]
  0x00000116564c0540 JavaThread "RMI TCP Connection(1)-192.168.100.1" daemon [_thread_in_native, id=44160, stack(0x0000000fc5a00000,0x0000000fc5b00000) (1024K)]
  0x00000116564f6ca0 JavaThread "RMI Scheduler(0)"           daemon [_thread_blocked, id=10948, stack(0x0000000fc5b00000,0x0000000fc5c00000) (1024K)]
  0x00000116564fe6d0 JavaThread "JMX server connection timeout 40" daemon [_thread_blocked, id=19152, stack(0x0000000fc5c00000,0x0000000fc5d00000) (1024K)]
  0x0000011656f059b0 JavaThread "Catalina-utility-1"                [_thread_blocked, id=21184, stack(0x0000000fc6300000,0x0000000fc6400000) (1024K)]
  0x0000011656f09830 JavaThread "Catalina-utility-2"                [_thread_blocked, id=44732, stack(0x0000000fc6c00000,0x0000000fc6d00000) (1024K)]
  0x0000011656f06180 JavaThread "container-0"                       [_thread_blocked, id=18408, stack(0x0000000fc6d00000,0x0000000fc6e00000) (1024K)]
  0x0000011656f08890 JavaThread "mysql-cj-abandoned-connection-cleanup" daemon [_thread_blocked, id=6556, stack(0x0000000fc6e00000,0x0000000fc6f00000) (1024K)]
  0x0000011656f0b770 JavaThread "Jndi-Dns-address-change-listener" daemon [_thread_in_native, id=36256, stack(0x0000000fc6f00000,0x0000000fc7000000) (1024K)]
  0x0000011656f0afa0 JavaThread "lettuce-timer-3-1"          daemon [_thread_blocked, id=35620, stack(0x0000000fc7000000,0x0000000fc7100000) (1024K)]
  0x0000011656f0c710 JavaThread "http-nio-8080-exec-1"       daemon [_thread_blocked, id=47836, stack(0x0000000fc7100000,0x0000000fc7200000) (1024K)]
=>0x0000011656f0cee0 JavaThread "http-nio-8080-exec-2"       daemon [_thread_in_native, id=29724, stack(0x0000000fc7200000,0x0000000fc7300000) (1024K)]
  0x0000011656503650 JavaThread "http-nio-8080-exec-3"       daemon [_thread_blocked, id=45092, stack(0x0000000fc7300000,0x0000000fc7400000) (1024K)]
  0x0000011657f7c8c0 JavaThread "http-nio-8080-exec-4"       daemon [_thread_blocked, id=33464, stack(0x0000000fc7400000,0x0000000fc7500000) (1024K)]
  0x0000011657f7a1b0 JavaThread "http-nio-8080-exec-5"       daemon [_thread_blocked, id=47572, stack(0x0000000fc7500000,0x0000000fc7600000) (1024K)]
  0x0000011657f7a980 JavaThread "http-nio-8080-exec-6"       daemon [_thread_blocked, id=26528, stack(0x0000000fc7600000,0x0000000fc7700000) (1024K)]
  0x0000011657f7c0f0 JavaThread "http-nio-8080-exec-7"       daemon [_thread_blocked, id=43832, stack(0x0000000fc7700000,0x0000000fc7800000) (1024K)]
  0x0000011657f7b920 JavaThread "http-nio-8080-exec-8"       daemon [_thread_blocked, id=20520, stack(0x0000000fc7800000,0x0000000fc7900000) (1024K)]
  0x0000011657f7d860 JavaThread "http-nio-8080-exec-9"       daemon [_thread_blocked, id=28192, stack(0x0000000fc7900000,0x0000000fc7a00000) (1024K)]
  0x0000011657f98540 JavaThread "http-nio-8080-exec-10"      daemon [_thread_blocked, id=45696, stack(0x0000000fc7a00000,0x0000000fc7b00000) (1024K)]
  0x0000011657f9d360 JavaThread "http-nio-8080-Poller"       daemon [_thread_in_native, id=8492, stack(0x0000000fc7b00000,0x0000000fc7c00000) (1024K)]
  0x0000011657f9db30 JavaThread "http-nio-8080-Acceptor"     daemon [_thread_in_native, id=16604, stack(0x0000000fc7c00000,0x0000000fc7d00000) (1024K)]
  0x0000011657f9e300 JavaThread "DestroyJavaVM"                     [_thread_blocked, id=46104, stack(0x0000000fc4200000,0x0000000fc4300000) (1024K)]
  0x0000011657f9f2a0 JavaThread "RMI TCP Connection(2)-192.168.100.1" daemon [_thread_in_native, id=45300, stack(0x0000000fc5400000,0x0000000fc5500000) (1024K)]
Total: 34

Other Threads:
  0x00000116506aada0 VMThread "VM Thread"                           [id=36108, stack(0x0000000fc4900000,0x0000000fc4a00000) (1024K)]
  0x000001165057eab0 WatcherThread "VM Periodic Task Thread"        [id=20668, stack(0x0000000fc4800000,0x0000000fc4900000) (1024K)]
  0x000001163d523d10 WorkerThread "GC Thread#0"                     [id=47256, stack(0x0000000fc4300000,0x0000000fc4400000) (1024K)]
  0x0000011656b815d0 WorkerThread "GC Thread#1"                     [id=30436, stack(0x0000000fc5d00000,0x0000000fc5e00000) (1024K)]
  0x0000011656b81e10 WorkerThread "GC Thread#2"                     [id=4212, stack(0x0000000fc5e00000,0x0000000fc5f00000) (1024K)]
  0x0000011656b93210 WorkerThread "GC Thread#3"                     [id=40660, stack(0x0000000fc5f00000,0x0000000fc6000000) (1024K)]
  0x0000011656b93a40 WorkerThread "GC Thread#4"                     [id=44632, stack(0x0000000fc6000000,0x0000000fc6100000) (1024K)]
  0x0000011656aebf80 WorkerThread "GC Thread#5"                     [id=33864, stack(0x0000000fc6100000,0x0000000fc6200000) (1024K)]
  0x0000011656aec3b0 WorkerThread "GC Thread#6"                     [id=45704, stack(0x0000000fc6200000,0x0000000fc6300000) (1024K)]
  0x0000011656595010 WorkerThread "GC Thread#7"                     [id=39312, stack(0x0000000fc6400000,0x0000000fc6500000) (1024K)]
  0x00000116565920a0 WorkerThread "GC Thread#8"                     [id=38436, stack(0x0000000fc6500000,0x0000000fc6600000) (1024K)]
  0x00000116565924f0 WorkerThread "GC Thread#9"                     [id=5380, stack(0x0000000fc6600000,0x0000000fc6700000) (1024K)]
  0x0000011656592d90 WorkerThread "GC Thread#10"                    [id=17656, stack(0x0000000fc6700000,0x0000000fc6800000) (1024K)]
  0x0000011656594320 WorkerThread "GC Thread#11"                    [id=30380, stack(0x0000000fc6800000,0x0000000fc6900000) (1024K)]
  0x0000011656593630 WorkerThread "GC Thread#12"                    [id=21684, stack(0x0000000fc6900000,0x0000000fc6a00000) (1024K)]
  0x000001163d53ea00 ConcurrentGCThread "G1 Main Marker"            [id=19468, stack(0x0000000fc4400000,0x0000000fc4500000) (1024K)]
  0x000001163d53fb40 WorkerThread "G1 Conc#0"                       [id=20200, stack(0x0000000fc4500000,0x0000000fc4600000) (1024K)]
  0x00000116565931e0 WorkerThread "G1 Conc#1"                       [id=8220, stack(0x0000000fc6a00000,0x0000000fc6b00000) (1024K)]
  0x0000011656ef6ad0 WorkerThread "G1 Conc#2"                       [id=16820, stack(0x0000000fc6b00000,0x0000000fc6c00000) (1024K)]
  0x000001163d55ea80 ConcurrentGCThread "G1 Refine#0"               [id=14704, stack(0x0000000fc4600000,0x0000000fc4700000) (1024K)]
  0x000001165056f1a0 ConcurrentGCThread "G1 Service"                [id=43752, stack(0x0000000fc4700000,0x0000000fc4800000) (1024K)]
Total: 21

Threads with active compile tasks:
Total: 0

VM state: not at safepoint (normal execution)

VM Mutex/Monitor currently owned by a thread: None

Heap address: 0x000000070b400000, size: 3916 MB, Compressed Oops mode: Zero based, Oop shift amount: 3

CDS archive(s) mapped at: [0x0000000031000000-0x0000000031dd0000-0x0000000031dd0000), size 14483456, SharedBaseAddress: 0x0000000031000000, ArchiveRelocationMode: 1.
Compressed class space mapped at: 0x0000000032000000-0x0000000072000000, reserved size: 1073741824
UseCompressedClassPointers 1, UseCompactObjectHeaders 0
Narrow klass pointer bits 32, Max shift 3
Narrow klass base: 0x0000000031000000, Narrow klass shift: 0
Encoding Range: [0x0000000031000000 - 0x0000000131000000), (4294967296 bytes)
Klass Range:    [0x0000000031010000 - 0x0000000072000000), (1090453504 bytes)
Klass ID Range:  [65536 - 1090519033) (1090453497)
Protection zone: [0x0000000031000000 - 0x0000000031010000), (65536 bytes)

GC Precious Log:
 CardTable entry size: 512
 Card Set container configuration: InlinePtr #cards 4 size 8 Array Of Cards #cards 16 size 48 Howl #buckets 8 coarsen threshold 3686 Howl Bitmap #cards 512 size 80 coarsen threshold 460 Card regions per heap region 1 cards per card region 4096
 CPUs: 16 total, 16 available
 Memory: 15658M
 Large Page Support: Disabled
 NUMA Support: Disabled
 Compressed Oops: Enabled (Zero based)
 Heap Region Size: 2M
 Heap Min Capacity: 8M
 Heap Initial Capacity: 246M
 Heap Max Capacity: 3916M
 Pre-touch: Disabled
 Parallel Workers: 13
 Concurrent Workers: 3
 Concurrent Refinement Workers: 13
 Periodic GC: Disabled

Heap:
 garbage-first heap   total reserved 4009984K, committed 75776K, used 48504K [0x000000070b400000, 0x0000000800000000)
  region size 2048K, 15 young (30720K), 3 survivors (6144K)

Heap Regions: E=young(eden), S=young(survivor), O=old, HS=humongous(starts), HC=humongous(continues), CS=collection set, F=free, TAMS=top-at-mark-start, PB=parsable bottom
|   0|0x000000070b400000, 0x000000070b600000, 0x000000070b600000|100%| O|  |TAMS 0x000000070b400000| PB 0x000000070b400000| Untracked |  0
|   1|0x000000070b600000, 0x000000070b800000, 0x000000070b800000|100%| O|  |TAMS 0x000000070b600000| PB 0x000000070b600000| Untracked |  0
|   2|0x000000070b800000, 0x000000070b800000, 0x000000070ba00000|  0%| F|  |TAMS 0x000000070b800000| PB 0x000000070b800000| Untracked |  0
|   3|0x000000070ba00000, 0x000000070bc00000, 0x000000070bc00000|100%| O|  |TAMS 0x000000070ba00000| PB 0x000000070ba00000| Untracked |  0
|   4|0x000000070bc00000, 0x000000070be00000, 0x000000070be00000|100%| O|  |TAMS 0x000000070bc00000| PB 0x000000070bc00000| Untracked |  0
|   5|0x000000070be00000, 0x000000070c000000, 0x000000070c000000|100%| O|  |TAMS 0x000000070be00000| PB 0x000000070be00000| Untracked |  0
|   6|0x000000070c000000, 0x000000070c200000, 0x000000070c200000|100%| O|  |TAMS 0x000000070c000000| PB 0x000000070c000000| Untracked |  0
|   7|0x000000070c200000, 0x000000070c400000, 0x000000070c400000|100%| O|  |TAMS 0x000000070c200000| PB 0x000000070c200000| Untracked |  0
|   8|0x000000070c400000, 0x000000070c600000, 0x000000070c600000|100%| O|  |TAMS 0x000000070c400000| PB 0x000000070c400000| Untracked |  0
|   9|0x000000070c600000, 0x000000070c800000, 0x000000070c800000|100%| O|  |TAMS 0x000000070c600000| PB 0x000000070c600000| Untracked |  0
|  10|0x000000070c800000, 0x000000070ca00000, 0x000000070ca00000|100%| O|  |TAMS 0x000000070c800000| PB 0x000000070c800000| Untracked |  0
|  11|0x000000070ca00000, 0x000000070cb7db58, 0x000000070cc00000| 74%| O|  |TAMS 0x000000070ca00000| PB 0x000000070ca00000| Untracked |  0
|  12|0x000000070cc00000, 0x000000070cc00000, 0x000000070ce00000|  0%| F|  |TAMS 0x000000070cc00000| PB 0x000000070cc00000| Untracked |  0
|  13|0x000000070ce00000, 0x000000070ce00000, 0x000000070d000000|  0%| F|  |TAMS 0x000000070ce00000| PB 0x000000070ce00000| Untracked |  0
|  14|0x000000070d000000, 0x000000070d000000, 0x000000070d200000|  0%| F|  |TAMS 0x000000070d000000| PB 0x000000070d000000| Untracked |  0
|  15|0x000000070d200000, 0x000000070d200000, 0x000000070d400000|  0%| F|  |TAMS 0x000000070d200000| PB 0x000000070d200000| Untracked |  0
|  16|0x000000070d400000, 0x000000070d400000, 0x000000070d600000|  0%| F|  |TAMS 0x000000070d400000| PB 0x000000070d400000| Untracked |  0
|  17|0x000000070d600000, 0x000000070d600000, 0x000000070d800000|  0%| F|  |TAMS 0x000000070d600000| PB 0x000000070d600000| Untracked |  0
|  18|0x000000070d800000, 0x000000070d9e0620, 0x000000070da00000| 93%| S|CS|TAMS 0x000000070d800000| PB 0x000000070d800000| Complete |  0
|  19|0x000000070da00000, 0x000000070dc00000, 0x000000070dc00000|100%| S|CS|TAMS 0x000000070da00000| PB 0x000000070da00000| Complete |  0
|  20|0x000000070dc00000, 0x000000070de00000, 0x000000070de00000|100%| S|CS|TAMS 0x000000070dc00000| PB 0x000000070dc00000| Complete |  0
|  21|0x000000070de00000, 0x000000070de00000, 0x000000070e000000|  0%| F|  |TAMS 0x000000070de00000| PB 0x000000070de00000| Untracked |  0
|  22|0x000000070e000000, 0x000000070e000000, 0x000000070e200000|  0%| F|  |TAMS 0x000000070e000000| PB 0x000000070e000000| Untracked |  0
|  23|0x000000070e200000, 0x000000070e200000, 0x000000070e400000|  0%| F|  |TAMS 0x000000070e200000| PB 0x000000070e200000| Untracked |  0
|  24|0x000000070e400000, 0x000000070e400000, 0x000000070e600000|  0%| F|  |TAMS 0x000000070e400000| PB 0x000000070e400000| Untracked |  0
|  25|0x000000070e600000, 0x000000070e800000, 0x000000070e800000|100%| E|  |TAMS 0x000000070e600000| PB 0x000000070e600000| Complete |  0
|  26|0x000000070e800000, 0x000000070ea00000, 0x000000070ea00000|100%| E|CS|TAMS 0x000000070e800000| PB 0x000000070e800000| Complete |  0
|  27|0x000000070ea00000, 0x000000070ec00000, 0x000000070ec00000|100%| E|  |TAMS 0x000000070ea00000| PB 0x000000070ea00000| Complete |  0
|  28|0x000000070ec00000, 0x000000070ee00000, 0x000000070ee00000|100%| E|CS|TAMS 0x000000070ec00000| PB 0x000000070ec00000| Complete |  0
|  29|0x000000070ee00000, 0x000000070f000000, 0x000000070f000000|100%| E|CS|TAMS 0x000000070ee00000| PB 0x000000070ee00000| Complete |  0
|  94|0x0000000717000000, 0x0000000717200000, 0x0000000717200000|100%| E|CS|TAMS 0x0000000717000000| PB 0x0000000717000000| Complete |  0
|  95|0x0000000717200000, 0x0000000717400000, 0x0000000717400000|100%| E|CS|TAMS 0x0000000717200000| PB 0x0000000717200000| Complete |  0
|  99|0x0000000717a00000, 0x0000000717c00000, 0x0000000717c00000|100%| E|CS|TAMS 0x0000000717a00000| PB 0x0000000717a00000| Complete |  0
| 100|0x0000000717c00000, 0x0000000717e00000, 0x0000000717e00000|100%| E|CS|TAMS 0x0000000717c00000| PB 0x0000000717c00000| Complete |  0
| 101|0x0000000717e00000, 0x0000000718000000, 0x0000000718000000|100%| E|CS|TAMS 0x0000000717e00000| PB 0x0000000717e00000| Complete |  0
| 122|0x000000071a800000, 0x000000071aa00000, 0x000000071aa00000|100%| E|CS|TAMS 0x000000071a800000| PB 0x000000071a800000| Complete |  0
|1957|0x00000007ffe00000, 0x0000000800000000, 0x0000000800000000|100%| E|CS|TAMS 0x00000007ffe00000| PB 0x00000007ffe00000| Complete |  0

Card table byte_map: [0x0000011649c50000,0x000001164a400000] _byte_map_base: 0x00000116463f6000

Marking Bits: (CMBitMap*) 0x000001163d5262b0
 Bits: [0x000001164a400000, 0x000001164e130000)

Polling page: 0x000001163b3e0000

Metaspace:
Metaspace        used 53457K, committed 54080K, reserved 1114112K
 class space     used 5742K, committed 6016K, reserved 1048576K

Usage:
  Non-class:     46.60 MB used.
      Class:      5.61 MB used.
       Both:     52.21 MB used.

Virtual space:
  Non-class space:       64.00 MB reserved,      46.94 MB ( 73%) committed,  1 nodes.
      Class space:        1.00 GB reserved,       5.88 MB ( <1%) committed,  1 nodes.
             Both:        1.06 GB reserved,      52.81 MB (  5%) committed. 

Chunk freelists:
   Non-Class:  944.00 KB
       Class:  10.17 MB
        Both:  11.09 MB

MaxMetaspaceSize: unlimited
CompressedClassSpaceSize: 1.00 GB
Initial GC threshold: 21.00 MB
Current GC threshold: 55.00 MB
CDS: on
 - commit_granule_bytes: 65536.
 - commit_granule_words: 8192.
 - virtual_space_node_default_size: 8388608.
 - enlarge_chunks_in_place: 1.
UseCompressedClassPointers 1, UseCompactObjectHeaders 0
Narrow klass pointer bits 32, Max shift 3
Narrow klass base: 0x0000000031000000, Narrow klass shift: 0
Encoding Range: [0x0000000031000000 - 0x0000000131000000), (4294967296 bytes)
Klass Range:    [0x0000000031010000 - 0x0000000072000000), (1090453504 bytes)
Klass ID Range:  [65536 - 1090519033) (1090453497)
Protection zone: [0x0000000031000000 - 0x0000000031010000), (65536 bytes)


Internal statistics:

num_allocs_failed_limit: 3.
num_arena_births: 750.
num_arena_deaths: 0.
num_vsnodes_births: 2.
num_vsnodes_deaths: 0.
num_space_committed: 845.
num_space_uncommitted: 0.
num_chunks_returned_to_freelist: 3.
num_chunks_taken_from_freelist: 2540.
num_chunk_merges: 3.
num_chunk_splits: 1818.
num_chunks_enlarged: 1404.
num_inconsistent_stats: 0.

CodeCache: size=49152Kb used=7717Kb max_used=10380Kb free=41434Kb
 bounds [0x0000011645d20000, 0x0000011646750000, 0x0000011648d20000]
 total_blobs=6222, nmethods=5535, adapters=609, full_count=0
Compilation: enabled, stopped_count=0, restarted_count=0

Compilation events (20 events):
Event: 8.666 Thread 0x00000116506d0ff0 nmethod 5574 0x0000011646173708 code [0x0000011646173800, 0x0000011646173a00]
Event: 8.666 Thread 0x00000116506d0ff0 5576       1       java.lang.Thread::threadId (5 bytes)
Event: 8.666 Thread 0x00000116506d0ff0 nmethod 5576 0x0000011646173408 code [0x0000011646173500, 0x00000116461735c8]
Event: 8.666 Thread 0x00000116506d0ff0 5577       1       tools.jackson.databind.util.internal.PrivateMaxEntriesMap$Node::setNext (6 bytes)
Event: 8.666 Thread 0x00000116506d0ff0 nmethod 5577 0x0000011646173108 code [0x0000011646173200, 0x0000011646173318]
Event: 8.666 Thread 0x00000116506d0ff0 5578       1       tools.jackson.databind.util.internal.PrivateMaxEntriesMap$Node::setPrevious (6 bytes)
Event: 8.666 Thread 0x00000116506d0ff0 nmethod 5578 0x0000011646172e08 code [0x0000011646172f00, 0x0000011646173018]
Event: 8.666 Thread 0x00000116506d0ff0 5579       1       tools.jackson.core.TokenStreamContext::getNestingDepth (5 bytes)
Event: 8.666 Thread 0x00000116506d0ff0 nmethod 5579 0x0000011646172b08 code [0x0000011646172c00, 0x0000011646172cc8]
Event: 8.666 Thread 0x00000116506d0ff0 5580       1       tools.jackson.core.base.ParserMinimalBase::_updateToken (32 bytes)
Event: 8.666 Thread 0x00000116506d0ff0 nmethod 5580 0x0000011646172808 code [0x0000011646172900, 0x0000011646172a88]
Event: 8.666 Thread 0x00000116506d0ff0 5581       1       tools.jackson.core.json.UTF8StreamJsonParser::nextToken (515 bytes)
Event: 8.667 Thread 0x00000116506d0ff0 nmethod 5581 0x0000011646171688 code [0x0000011646171780, 0x0000011646172768]
Event: 8.667 Thread 0x00000116506d0ff0 5582       1       tools.jackson.core.json.UTF8StreamJsonParser::_skipWSOrEnd (286 bytes)
Event: 8.667 Thread 0x00000116506d0ff0 nmethod 5582 0x0000011646171008 code [0x0000011646171100, 0x0000011646171620]
Event: 8.667 Thread 0x00000116506d0ff0 5584       1       tools.jackson.core.json.UTF8StreamJsonParser::_updateLocation (35 bytes)
Event: 8.667 Thread 0x00000116506d0ff0 nmethod 5584 0x0000011646170808 code [0x0000011646170900, 0x00000116461709e0]
Event: 8.667 Thread 0x00000116506d0ff0 5583       1       tools.jackson.core.util.TextBuffer::setCurrentLength (6 bytes)
Event: 8.667 Thread 0x00000116506d0ff0 nmethod 5583 0x0000011646170508 code [0x0000011646170600, 0x00000116461706c8]
Event: 8.668 Thread 0x00000116506d0ff0 5587       1       ch.qos.logback.core.pattern.FormattingConverter::write (154 bytes)

GC Heap Usage History (14 events):
Event: 0.668 {heap Before GC invocations=0 (full 0):
 garbage-first heap   total reserved 4009984K, committed 253952K, used 48277K [0x000000070b400000, 0x0000000800000000)
  region size 2048K, 24 young (49152K), 0 survivors (0K)
}
Event: 0.672 {heap After GC invocations=1 (full 0):
 garbage-first heap   total reserved 4009984K, committed 253952K, used 11719K [0x000000070b400000, 0x0000000800000000)
  region size 2048K, 3 young (6144K), 3 survivors (6144K)
}
Event: 0.973 {heap Before GC invocations=1 (full 0):
 garbage-first heap   total reserved 4009984K, committed 253952K, used 50631K [0x000000070b400000, 0x0000000800000000)
  region size 2048K, 24 young (49152K), 3 survivors (6144K)
}
Event: 0.976 {heap After GC invocations=2 (full 0):
 garbage-first heap   total reserved 4009984K, committed 253952K, used 15131K [0x000000070b400000, 0x0000000800000000)
  region size 2048K, 5 young (10240K), 5 survivors (10240K)
}
Event: 1.198 {heap Before GC invocations=3 (full 0):
 garbage-first heap   total reserved 4009984K, committed 61440K, used 56091K [0x000000070b400000, 0x0000000800000000)
  region size 2048K, 26 young (53248K), 5 survivors (10240K)
}
Event: 1.204 {heap After GC invocations=4 (full 0):
 garbage-first heap   total reserved 4009984K, committed 75776K, used 19560K [0x000000070b400000, 0x0000000800000000)
  region size 2048K, 7 young (14336K), 7 survivors (14336K)
}
Event: 1.507 {heap Before GC invocations=4 (full 0):
 garbage-first heap   total reserved 4009984K, committed 75776K, used 50280K [0x000000070b400000, 0x0000000800000000)
  region size 2048K, 22 young (45056K), 7 survivors (14336K)
}
Event: 1.517 {heap After GC invocations=5 (full 0):
 garbage-first heap   total reserved 4009984K, committed 75776K, used 21390K [0x000000070b400000, 0x0000000800000000)
  region size 2048K, 2 young (4096K), 2 survivors (4096K)
}
Event: 1.735 {heap Before GC invocations=5 (full 0):
 garbage-first heap   total reserved 4009984K, committed 75776K, used 45966K [0x000000070b400000, 0x0000000800000000)
  region size 2048K, 15 young (30720K), 2 survivors (4096K)
}
Event: 1.739 {heap After GC invocations=6 (full 0):
 garbage-first heap   total reserved 4009984K, committed 75776K, used 21997K [0x000000070b400000, 0x0000000800000000)
  region size 2048K, 2 young (4096K), 2 survivors (4096K)
}
Event: 2.127 {heap Before GC invocations=7 (full 0):
 garbage-first heap   total reserved 4009984K, committed 75776K, used 56813K [0x000000070b400000, 0x0000000800000000)
  region size 2048K, 19 young (38912K), 2 survivors (4096K)
}
Event: 2.129 {heap After GC invocations=8 (full 0):
 garbage-first heap   total reserved 4009984K, committed 75776K, used 25188K [0x000000070b400000, 0x0000000800000000)
  region size 2048K, 3 young (6144K), 3 survivors (6144K)
}
Event: 2.481 {heap Before GC invocations=8 (full 0):
 garbage-first heap   total reserved 4009984K, committed 75776K, used 57956K [0x000000070b400000, 0x0000000800000000)
  region size 2048K, 19 young (38912K), 3 survivors (6144K)
}
Event: 2.484 {heap After GC invocations=9 (full 0):
 garbage-first heap   total reserved 4009984K, committed 75776K, used 28024K [0x000000070b400000, 0x0000000800000000)
  region size 2048K, 3 young (6144K), 3 survivors (6144K)
}

Metaspace Usage History (14 events):
Event: 0.668 {metaspace Before GC invocations=0 (full 0):
 Metaspace       used 10856K, committed 11072K, reserved 1114112K
  class space    used 1127K, committed 1216K, reserved 1048576K
}
Event: 0.672 {metaspace After GC invocations=1 (full 0):
 Metaspace       used 10856K, committed 11072K, reserved 1114112K
  class space    used 1127K, committed 1216K, reserved 1048576K
}
Event: 0.973 {metaspace Before GC invocations=1 (full 0):
 Metaspace       used 19861K, committed 20160K, reserved 1114112K
  class space    used 2151K, committed 2304K, reserved 1048576K
}
Event: 0.976 {metaspace After GC invocations=2 (full 0):
 Metaspace       used 19861K, committed 20160K, reserved 1114112K
  class space    used 2151K, committed 2304K, reserved 1048576K
}
Event: 1.198 {metaspace Before GC invocations=3 (full 0):
 Metaspace       used 25941K, committed 26304K, reserved 1114112K
  class space    used 2658K, committed 2816K, reserved 1048576K
}
Event: 1.204 {metaspace After GC invocations=4 (full 0):
 Metaspace       used 25941K, committed 26304K, reserved 1114112K
  class space    used 2658K, committed 2816K, reserved 1048576K
}
Event: 1.507 {metaspace Before GC invocations=4 (full 0):
 Metaspace       used 29669K, committed 30080K, reserved 1114112K
  class space    used 3043K, committed 3200K, reserved 1048576K
}
Event: 1.517 {metaspace After GC invocations=5 (full 0):
 Metaspace       used 29669K, committed 30080K, reserved 1114112K
  class space    used 3043K, committed 3200K, reserved 1048576K
}
Event: 1.735 {metaspace Before GC invocations=5 (full 0):
 Metaspace       used 33415K, committed 33728K, reserved 1114112K
  class space    used 3630K, committed 3776K, reserved 1048576K
}
Event: 1.739 {metaspace After GC invocations=6 (full 0):
 Metaspace       used 33415K, committed 33728K, reserved 1114112K
  class space    used 3630K, committed 3776K, reserved 1048576K
}
Event: 2.127 {metaspace Before GC invocations=7 (full 0):
 Metaspace       used 40701K, committed 41152K, reserved 1114112K
  class space    used 4429K, committed 4608K, reserved 1048576K
}
Event: 2.129 {metaspace After GC invocations=8 (full 0):
 Metaspace       used 40701K, committed 41152K, reserved 1114112K
  class space    used 4429K, committed 4608K, reserved 1048576K
}
Event: 2.481 {metaspace Before GC invocations=8 (full 0):
 Metaspace       used 48308K, committed 48832K, reserved 1114112K
  class space    used 5179K, committed 5376K, reserved 1048576K
}
Event: 2.484 {metaspace After GC invocations=9 (full 0):
 Metaspace       used 48308K, committed 48832K, reserved 1114112K
  class space    used 5179K, committed 5376K, reserved 1048576K
}

Dll operation events (16 events):
Event: 0.007 Loaded shared library C:\Program Files\Java\jdk-25\bin\java.dll
Event: 0.115 Loaded shared library C:\Program Files\Java\jdk-25\bin\zip.dll
Event: 0.119 Loaded shared library C:\Program Files\Java\jdk-25\bin\instrument.dll
Event: 0.122 Loaded shared library C:\Program Files\Java\jdk-25\bin\net.dll
Event: 0.123 Loaded shared library C:\Program Files\Java\jdk-25\bin\nio.dll
Event: 0.125 Loaded shared library C:\Program Files\Java\jdk-25\bin\zip.dll
Event: 0.163 Loaded shared library C:\Program Files\Java\jdk-25\bin\jimage.dll
Event: 0.197 Loaded shared library C:\Program Files\Java\jdk-25\bin\extnet.dll
Event: 0.201 Loaded shared library C:\Program Files\Java\jdk-25\bin\management.dll
Event: 0.207 Loaded shared library C:\Program Files\Java\jdk-25\bin\management_ext.dll
Event: 0.978 Loaded shared library C:\Program Files\Java\jdk-25\bin\sunmscapi.dll
Event: 1.929 Loaded shared library C:\Users\ASUS\AppData\Local\Temp\agripath_native\k_means_cluster.dll
Event: 1.930 Loaded shared library C:\Users\ASUS\AppData\Local\Temp\agripath_native\ResourceSearchJNI.dll
Event: 1.930 Loaded shared library C:\Users\ASUS\AppData\Local\Temp\agripath_native\AStarJNI.dll
Event: 2.261 Loaded shared library C:\Windows\System32\ucrtbase.dll
Event: 2.262 Loaded shared library C:\Program Files\Java\jdk-25\bin\syslookup.dll

Deoptimization events (2 events):
Event: 1.506 Thread 0x000001163d4bc110 DEOPT PACKING pc=0x00000116462a43b4 sp=0x0000000fc42fc670
Event: 1.506 Thread 0x000001163d4bc110 DEOPT UNPACKING pc=0x0000011645d712a2 sp=0x0000000fc42fbb68 mode 0

Classes loaded (20 events):
Event: 5.816 Loading class java/nio/channels/spi/AbstractSelectionKey done
Event: 5.816 Loading class sun/nio/ch/SelectionKeyImpl done
Event: 5.816 Loading class java/lang/invoke/ConstantBootstraps
Event: 5.816 Loading class java/lang/invoke/ConstantBootstraps done
Event: 5.870 Loading class java/time/format/DateTimeFormatterBuilder$ZoneTextPrinterParser
Event: 5.870 Loading class java/time/format/DateTimeFormatterBuilder$ZoneTextPrinterParser done
Event: 5.870 Loading class java/time/format/DateTimeFormatterBuilder$ReducedPrinterParser
Event: 5.870 Loading class java/time/format/DateTimeFormatterBuilder$ReducedPrinterParser done
Event: 5.872 Loading class java/util/OptionalInt
Event: 5.872 Loading class java/util/OptionalInt done
Event: 5.872 Loading class java/util/OptionalLong
Event: 5.873 Loading class java/util/OptionalLong done
Event: 5.873 Loading class java/util/OptionalDouble
Event: 5.873 Loading class java/util/OptionalDouble done
Event: 5.898 Loading class sun/reflect/generics/tree/IntSignature
Event: 5.898 Loading class sun/reflect/generics/tree/IntSignature done
Event: 5.984 Loading class java/util/stream/LongStream
Event: 5.984 Loading class java/util/stream/LongStream done
Event: 5.984 Loading class java/util/stream/DoubleStream
Event: 5.985 Loading class java/util/stream/DoubleStream done

Classes unloaded (0 events):
No events

Classes redefined (0 events):
No events

Internal exceptions (20 events):
Event: 2.273 Thread 0x000001163d4bc110 Exception <a 'java/lang/NoSuchMethodError'{0x00000007171927f0}: 'void java.lang.invoke.DelegatingMethodHandle$Holder.reinvoke_L(java.lang.Object, java.lang.Object, java.lang.Object, long)'> (0x00000007171927f0) 
thrown [s\open\src\hotspot\share\interpreter\linkResolver.cpp, line 804]
Event: 2.273 Thread 0x000001163d4bc110 Exception <a 'java/lang/NoSuchMethodError'{0x00000007171bba28}: 'java.lang.Object java.lang.invoke.DirectMethodHandle$Holder.invokeInterface(java.lang.Object, java.lang.Object, long)'> (0x00000007171bba28) 
thrown [s\open\src\hotspot\share\interpreter\linkResolver.cpp, line 804]
Event: 2.274 Thread 0x000001163d4bc110 Exception <a 'sun/nio/fs/WindowsException'{0x000000070ee1bd18}> (0x000000070ee1bd18) 
thrown [s\open\src\hotspot\share\prims\jni.cpp, line 516]
Event: 2.274 Thread 0x000001163d4bc110 Exception <a 'sun/nio/fs/WindowsException'{0x000000070ee1c568}> (0x000000070ee1c568) 
thrown [s\open\src\hotspot\share\prims\jni.cpp, line 516]
Event: 2.279 Thread 0x000001163d4bc110 Exception <a 'java/io/FileNotFoundException'{0x000000070ee494e0}> (0x000000070ee494e0) 
thrown [s\open\src\hotspot\share\prims\jni.cpp, line 516]
Event: 2.431 Thread 0x000001163d4bc110 Exception <a 'java/lang/IncompatibleClassChangeError'{0x000000070e27a500}: Found class java.lang.Object, but interface was expected> (0x000000070e27a500) 
thrown [s\open\src\hotspot\share\interpreter\linkResolver.cpp, line 871]
Event: 2.437 Thread 0x000001163d4bc110 Exception <a 'java/lang/IncompatibleClassChangeError'{0x000000070e386de0}: Found class java.lang.Object, but interface was expected> (0x000000070e386de0) 
thrown [s\open\src\hotspot\share\interpreter\linkResolver.cpp, line 871]
Event: 2.445 Thread 0x000001163d4bc110 Exception <a 'java/lang/IncompatibleClassChangeError'{0x000000070e074888}: Found class java.lang.Object, but interface was expected> (0x000000070e074888) 
thrown [s\open\src\hotspot\share\interpreter\linkResolver.cpp, line 871]
Event: 2.529 Thread 0x000001163d4bc110 Exception <a 'java/lang/NoSuchMethodError'{0x0000000717e8e660}: 'java.lang.Object java.lang.invoke.DirectMethodHandle$Holder.invokeVirtual(java.lang.Object, java.lang.Object, java.lang.Object, int)'> (0x0000000717e8e660) 
thrown [s\open\src\hotspot\share\interpreter\linkResolver.cpp, line 804]
Event: 2.551 Thread 0x000001163d4bc110 Exception <a 'java/lang/NoSuchMethodError'{0x0000000717d11fc8}: 'int java.lang.invoke.DirectMethodHandle$Holder.invokeStatic(java.lang.Object, java.lang.Object, java.lang.Object, java.lang.Object, java.lang.Object)'> (0x0000000717d11fc8) 
thrown [s\open\src\hotspot\share\interpreter\linkResolver.cpp, line 804]
Event: 2.555 Thread 0x000001163d4bc110 Exception <a 'java/lang/IncompatibleClassChangeError'{0x0000000717d6cb50}: Found class java.lang.Object, but interface was expected> (0x0000000717d6cb50) 
thrown [s\open\src\hotspot\share\interpreter\linkResolver.cpp, line 871]
Event: 2.568 Thread 0x000001163d4bc110 Exception <a 'java/lang/NoSuchMethodError'{0x0000000717adfc58}: 'java.lang.Object java.lang.invoke.DirectMethodHandle$Holder.newInvokeSpecial(java.lang.Object, java.lang.Object, int, java.lang.Object, java.lang.Object)'> (0x0000000717adfc58) 
thrown [s\open\src\hotspot\share\interpreter\linkResolver.cpp, line 804]
Event: 2.569 Thread 0x000001163d4bc110 Exception <a 'java/lang/NoSuchMethodError'{0x0000000717ae8770}: 'java.lang.Object java.lang.invoke.DirectMethodHandle$Holder.invokeSpecial(java.lang.Object, java.lang.Object, java.lang.Object, int, java.lang.Object, java.lang.Object)'> (0x0000000717ae8770) 
thrown [s\open\src\hotspot\share\interpreter\linkResolver.cpp, line 804]
Event: 2.840 Thread 0x00000116564c0540 Exception <a 'java/lang/NoSuchMethodError'{0x00000007173dfbb0}: 'java.lang.Object java.lang.invoke.DirectMethodHandle$Holder.invokeInterface(java.lang.Object, java.lang.Object, java.lang.Object, java.lang.Object, java.lang.Object, java.lang.Object, java.lang.Object)'> (0x00000007173dfbb0) 
thrown [s\open\src\hotspot\share\interpreter\linkResolver.cpp, line 804]
Event: 5.813 Thread 0x0000011657f9db30 Exception <a 'java/lang/NoSuchMethodError'{0x00000007170dabf8}: 'java.lang.Object java.lang.invoke.DirectMethodHandle$Holder.invokeStatic(java.lang.Object, java.lang.Object, java.lang.Object, int, int)'> (0x00000007170dabf8) 
thrown [s\open\src\hotspot\share\interpreter\linkResolver.cpp, line 804]
Event: 5.814 Thread 0x0000011657f9db30 Exception <a 'java/lang/NoSuchMethodError'{0x00000007170e2ba0}: 'java.lang.Object java.lang.invoke.DirectMethodHandle$Holder.invokeStaticInit(java.lang.Object, java.lang.Object, java.lang.Object, int, int)'> (0x00000007170e2ba0) 
thrown [s\open\src\hotspot\share\interpreter\linkResolver.cpp, line 804]
Event: 5.830 Thread 0x0000011656f0c710 Exception <a 'java/lang/NoSuchMethodError'{0x00000007171f4338}: 'java.lang.Object java.lang.invoke.DirectMethodHandle$Holder.invokeSpecial(java.lang.Object, java.lang.Object, java.lang.Object, java.lang.Object, java.lang.Object, long)'> (0x00000007171f4338) 
thrown [s\open\src\hotspot\share\interpreter\linkResolver.cpp, line 804]
Event: 5.830 Thread 0x0000011656f0c710 Exception <a 'java/lang/NoSuchMethodError'{0x00000007171fcca0}: 'java.lang.Object java.lang.invoke.DirectMethodHandle$Holder.invokeSpecial(java.lang.Object, java.lang.Object, java.lang.Object, java.lang.Object, java.lang.Object, java.lang.Object, long)'> (0x00000007171fcca0) 
thrown [s\open\src\hotspot\share\interpreter\linkResolver.cpp, line 804]
Event: 5.830 Thread 0x0000011656f0c710 Exception <a 'java/lang/NoSuchMethodError'{0x000000070ee05060}: 'java.lang.Object java.lang.invoke.DelegatingMethodHandle$Holder.reinvoke_L(java.lang.Object, java.lang.Object, java.lang.Object, java.lang.Object, java.lang.Object, long)'> (0x000000070ee05060) 
thrown [s\open\src\hotspot\share\interpreter\linkResolver.cpp, line 804]
Event: 5.830 Thread 0x0000011656f0c710 Exception <a 'java/lang/NoSuchMethodError'{0x000000070ee15478}: 'java.lang.Object java.lang.invoke.Invokers$Holder.linkToTargetMethod(java.lang.Object, java.lang.Object, java.lang.Object, long, java.lang.Object)'> (0x000000070ee15478) 
thrown [s\open\src\hotspot\share\interpreter\linkResolver.cpp, line 804]

VM Operations (20 events):
Event: 2.138 Executing non-safepoint VM operation: HandshakeAllThreads (Deoptimize)
Event: 2.138 Executing non-safepoint VM operation: HandshakeAllThreads (Deoptimize) done
Event: 2.169 Executing non-safepoint VM operation: HandshakeAllThreads (Deoptimize)
Event: 2.169 Executing non-safepoint VM operation: HandshakeAllThreads (Deoptimize) done
Event: 2.270 Executing non-safepoint VM operation: HandshakeAllThreads (Deoptimize)
Event: 2.271 Executing non-safepoint VM operation: HandshakeAllThreads (Deoptimize) done
Event: 2.277 Executing non-safepoint VM operation: HandshakeAllThreads (Deoptimize)
Event: 2.277 Executing non-safepoint VM operation: HandshakeAllThreads (Deoptimize) done
Event: 2.348 Executing non-safepoint VM operation: HandshakeAllThreads (Deoptimize)
Event: 2.348 Executing non-safepoint VM operation: HandshakeAllThreads (Deoptimize) done
Event: 2.356 Executing non-safepoint VM operation: HandshakeAllThreads (Deoptimize)
Event: 2.356 Executing non-safepoint VM operation: HandshakeAllThreads (Deoptimize) done
Event: 2.440 Executing non-safepoint VM operation: HandshakeAllThreads (Deoptimize)
Event: 2.440 Executing non-safepoint VM operation: HandshakeAllThreads (Deoptimize) done
Event: 2.481 Executing safepoint VM operation: G1CollectForAllocation (G1 Evacuation Pause)
Event: 2.484 Executing safepoint VM operation: G1CollectForAllocation (G1 Evacuation Pause) done
Event: 5.950 Executing non-safepoint VM operation: HandshakeAllThreads (Deoptimize)
Event: 5.950 Executing non-safepoint VM operation: HandshakeAllThreads (Deoptimize) done
Event: 5.997 Executing non-safepoint VM operation: HandshakeAllThreads (Deoptimize)
Event: 5.997 Executing non-safepoint VM operation: HandshakeAllThreads (Deoptimize) done

Memory protections (0 events):
No events

Nmethod flushes (20 events):
Event: 1.746 Thread 0x00000116506aada0 flushing  nmethod 0x000001164619f008
Event: 1.746 Thread 0x00000116506aada0 flushing  nmethod 0x000001164619f388
Event: 1.746 Thread 0x00000116506aada0 flushing  nmethod 0x000001164619fd88
Event: 1.746 Thread 0x00000116506aada0 flushing  nmethod 0x00000116461a1608
Event: 1.746 Thread 0x00000116506aada0 flushing  nmethod 0x00000116461da708
Event: 1.746 Thread 0x00000116506aada0 flushing  nmethod 0x00000116461efb08
Event: 1.746 Thread 0x00000116506aada0 flushing  nmethod 0x0000011646206e88
Event: 1.746 Thread 0x00000116506aada0 flushing  nmethod 0x000001164620de88
Event: 1.746 Thread 0x00000116506aada0 flushing  nmethod 0x0000011646216d08
Event: 1.746 Thread 0x00000116506aada0 flushing  nmethod 0x0000011646221208
Event: 1.746 Thread 0x00000116506aada0 flushing  nmethod 0x000001164622b288
Event: 1.746 Thread 0x00000116506aada0 flushing  nmethod 0x000001164622ce88
Event: 1.746 Thread 0x00000116506aada0 flushing  nmethod 0x0000011646265288
Event: 1.746 Thread 0x00000116506aada0 flushing  nmethod 0x00000116462a1308
Event: 1.746 Thread 0x00000116506aada0 flushing  nmethod 0x00000116462a9708
Event: 1.746 Thread 0x00000116506aada0 flushing  nmethod 0x00000116462a9d08
Event: 1.746 Thread 0x00000116506aada0 flushing  nmethod 0x0000011646315808
Event: 1.746 Thread 0x00000116506aada0 flushing  nmethod 0x000001164636ef08
Event: 1.746 Thread 0x00000116506aada0 flushing  nmethod 0x0000011646419e08
Event: 1.746 Thread 0x00000116506aada0 flushing  nmethod 0x000001164641a108

Events (20 events):
Event: 2.573 Thread 0x000001163d4bc110 Thread added: 0x0000011657f7c0f0
Event: 2.573 Thread 0x000001163d4bc110 Thread added: 0x0000011657f7b920
Event: 2.573 Thread 0x000001163d4bc110 Thread added: 0x0000011657f7d860
Event: 2.573 Thread 0x000001163d4bc110 Thread added: 0x0000011657f98540
Event: 2.579 Thread 0x000001163d4bc110 Thread added: 0x0000011657f9d360
Event: 2.580 Thread 0x000001163d4bc110 Thread added: 0x0000011657f9db30
Event: 2.586 Thread 0x000001163d4bc110 Thread exited: 0x000001163d4bc110
Event: 2.586 Thread 0x0000011657f9e300 Thread added: 0x0000011657f9e300
Event: 2.835 Thread 0x00000116564c0540 Thread added: 0x0000011657f9ead0
Event: 2.837 Thread 0x0000011657f9ead0 Thread exited: 0x0000011657f9ead0
Event: 2.838 Thread 0x00000116564c0540 Thread added: 0x0000011657f9ead0
Event: 2.841 Thread 0x0000011657f9ead0 Thread exited: 0x0000011657f9ead0
Event: 2.842 Thread 0x00000116564c0540 Thread added: 0x0000011657f9ead0
Event: 2.845 Thread 0x0000011657f9ead0 Thread exited: 0x0000011657f9ead0
Event: 4.077 Thread 0x000001165189bb10 Thread exited: 0x000001165189bb10
Event: 5.079 Thread 0x0000011651896ab0 Thread exited: 0x0000011651896ab0
Event: 8.257 Thread 0x00000116518933a0 Thread exited: 0x00000116518933a0
Event: 8.535 Thread 0x00000116564e33a0 Thread added: 0x0000011657f9f2a0
Event: 8.536 Thread 0x00000116513170d0 Thread exited: 0x00000116513170d0
Event: 8.536 Thread 0x000001165121f250 Thread exited: 0x000001165121f250


Dynamic libraries:
0x00007ff6cba20000 - 0x00007ff6cba30000 	C:\Program Files\Java\jdk-25\bin\java.exe
0x00007ff8eb760000 - 0x00007ff8eb9c7000 	C:\Windows\SYSTEM32\ntdll.dll
0x00007ff8e94f0000 - 0x00007ff8e95b9000 	C:\Windows\System32\KERNEL32.DLL
0x00007ff8e8890000 - 0x00007ff8e8c80000 	C:\Windows\System32\KERNELBASE.dll
0x00007ff8e8c90000 - 0x00007ff8e8ddb000 	C:\Windows\System32\ucrtbase.dll
0x00007ff8e4010000 - 0x00007ff8e4027000 	C:\Program Files\Java\jdk-25\bin\jli.dll
0x00007ff8e3ff0000 - 0x00007ff8e400e000 	C:\Program Files\Java\jdk-25\bin\VCRUNTIME140.dll
0x00007ff8e9ca0000 - 0x00007ff8e9e65000 	C:\Windows\System32\USER32.dll
0x00007ff8e8f20000 - 0x00007ff8e8f47000 	C:\Windows\System32\win32u.dll
0x00007ff8c5c90000 - 0x00007ff8c5f2a000 	C:\Windows\WinSxS\amd64_microsoft.windows.common-controls_6595b64144ccf1df_6.0.26100.4768_none_3e0c112ce331287c\COMCTL32.dll
0x00007ff8eae70000 - 0x00007ff8eae9b000 	C:\Windows\System32\GDI32.dll
0x00007ff8eaa80000 - 0x00007ff8eab29000 	C:\Windows\System32\msvcrt.dll
0x00007ff8e8de0000 - 0x00007ff8e8f18000 	C:\Windows\System32\gdi32full.dll
0x00007ff8e90a0000 - 0x00007ff8e9143000 	C:\Windows\System32\msvcp_win.dll
0x00007ff8e95c0000 - 0x00007ff8e95ef000 	C:\Windows\System32\IMM32.DLL
0x00007ff8e3f90000 - 0x00007ff8e3f9c000 	C:\Program Files\Java\jdk-25\bin\vcruntime140_1.dll
0x00007ff8611c0000 - 0x00007ff86124d000 	C:\Program Files\Java\jdk-25\bin\msvcp140.dll
0x00007fff8c270000 - 0x00007fff8d0cf000 	C:\Program Files\Java\jdk-25\bin\server\jvm.dll
0x00007ff8e9a70000 - 0x00007ff8e9b24000 	C:\Windows\System32\ADVAPI32.dll
0x00007ff8eaea0000 - 0x00007ff8eaf46000 	C:\Windows\System32\sechost.dll
0x00007ff8ea020000 - 0x00007ff8ea138000 	C:\Windows\System32\RPCRT4.dll
0x00007ff8eaf50000 - 0x00007ff8eafc4000 	C:\Windows\System32\WS2_32.dll
0x00007ff8e86f0000 - 0x00007ff8e874e000 	C:\Windows\SYSTEM32\POWRPROF.dll
0x00007ff8da8e0000 - 0x00007ff8da915000 	C:\Windows\SYSTEM32\WINMM.dll
0x00007ff8e16c0000 - 0x00007ff8e16cb000 	C:\Windows\SYSTEM32\VERSION.dll
0x00007ff8e86d0000 - 0x00007ff8e86e4000 	C:\Windows\SYSTEM32\UMPDC.dll
0x00007ff8e7610000 - 0x00007ff8e762b000 	C:\Windows\SYSTEM32\kernel.appcore.dll
0x00007ff8e3f80000 - 0x00007ff8e3f8a000 	C:\Program Files\Java\jdk-25\bin\jimage.dll
0x00007ff8e5ff0000 - 0x00007ff8e6231000 	C:\Windows\SYSTEM32\DBGHELP.DLL
0x00007ff8e9600000 - 0x00007ff8e9985000 	C:\Windows\System32\combase.dll
0x00007ff8eac40000 - 0x00007ff8ead20000 	C:\Windows\System32\OLEAUT32.dll
0x00007ff8c2500000 - 0x00007ff8c2543000 	C:\Windows\SYSTEM32\dbgcore.DLL
0x00007ff8e9150000 - 0x00007ff8e91e9000 	C:\Windows\System32\bcryptPrimitives.dll
0x00007ff8e1790000 - 0x00007ff8e17a0000 	C:\Program Files\Java\jdk-25\bin\instrument.dll
0x00007ff8df360000 - 0x00007ff8df37f000 	C:\Program Files\Java\jdk-25\bin\java.dll
0x00007ff8ea8d0000 - 0x00007ff8eaa70000 	C:\Windows\System32\ole32.dll
0x00007ff8eafd0000 - 0x00007ff8eb71d000 	C:\Windows\System32\SHELL32.dll
0x00007ff8e9370000 - 0x00007ff8e94e3000 	C:\Windows\System32\wintypes.dll
0x00007ff8e6490000 - 0x00007ff8e6cef000 	C:\Windows\SYSTEM32\windows.storage.dll
0x00007ff8ea5d0000 - 0x00007ff8ea6c5000 	C:\Windows\System32\SHCORE.dll
0x00007ff8e9a00000 - 0x00007ff8e9a6a000 	C:\Windows\System32\shlwapi.dll
0x00007ff8e87b0000 - 0x00007ff8e87d9000 	C:\Windows\SYSTEM32\profapi.dll
0x00007ff89ae20000 - 0x00007ff89ae37000 	C:\Program Files\Java\jdk-25\bin\zip.dll
0x00007ff8db960000 - 0x00007ff8db972000 	C:\Program Files\Java\jdk-25\bin\net.dll
0x00007ff8e7ba0000 - 0x00007ff8e7c0b000 	C:\Windows\system32\mswsock.dll
0x00007ff8caba0000 - 0x00007ff8cabb6000 	C:\Program Files\Java\jdk-25\bin\nio.dll
0x00007ff8e71c0000 - 0x00007ff8e72e6000 	C:\Windows\SYSTEM32\DNSAPI.dll
0x00007ff8e70d0000 - 0x00007ff8e7103000 	C:\Windows\SYSTEM32\IPHLPAPI.DLL
0x00007ff8eac30000 - 0x00007ff8eac3a000 	C:\Windows\System32\NSI.dll
0x00007ff8df350000 - 0x00007ff8df359000 	C:\Program Files\Java\jdk-25\bin\extnet.dll
0x00007ff8e08f0000 - 0x00007ff8e08fb000 	C:\Windows\System32\rasadhlp.dll
0x00007ff8e2870000 - 0x00007ff8e28f6000 	C:\Windows\System32\fwpuclnt.dll
0x00007ff8dcee0000 - 0x00007ff8dceea000 	C:\Program Files\Java\jdk-25\bin\management.dll
0x00007ff8db8b0000 - 0x00007ff8db8bc000 	C:\Program Files\Java\jdk-25\bin\management_ext.dll
0x00007ff8ea8c0000 - 0x00007ff8ea8c8000 	C:\Windows\System32\PSAPI.DLL
0x00007ff8e7e60000 - 0x00007ff8e7e7b000 	C:\Windows\SYSTEM32\CRYPTSP.dll
0x00007ff8e7570000 - 0x00007ff8e75ab000 	C:\Windows\system32\rsaenh.dll
0x00007ff8e7c40000 - 0x00007ff8e7c6b000 	C:\Windows\SYSTEM32\USERENV.dll
0x00007ff8e8780000 - 0x00007ff8e87a6000 	C:\Windows\SYSTEM32\bcrypt.dll
0x00007ff8e7e80000 - 0x00007ff8e7e8c000 	C:\Windows\SYSTEM32\CRYPTBASE.dll
0x00007ff8b2840000 - 0x00007ff8b2858000 	C:\Windows\system32\napinsp.dll
0x00007ff8b2820000 - 0x00007ff8b2832000 	C:\Windows\System32\winrnr.dll
0x00007ff8b27e0000 - 0x00007ff8b2810000 	C:\Windows\system32\nlansp_c.dll
0x00007ff8b27b0000 - 0x00007ff8b27d0000 	C:\Windows\system32\wshbth.dll
0x00007ff8e3530000 - 0x00007ff8e357e000 	C:\Windows\SYSTEM32\pdh.dll
0x00007ff888d20000 - 0x00007ff888d32000 	C:\Windows\System32\perfproc.dll
0x00007ff89e380000 - 0x00007ff89e391000 	C:\Windows\System32\perfos.dll
0x00007ff8e6d20000 - 0x00007ff8e6d32000 	C:\Windows\SYSTEM32\pfclient.dll
0x00007ff8e1780000 - 0x00007ff8e178e000 	C:\Program Files\Java\jdk-25\bin\sunmscapi.dll
0x00007ff8e91f0000 - 0x00007ff8e9367000 	C:\Windows\System32\CRYPT32.dll
0x00007ff8e80f0000 - 0x00007ff8e8120000 	C:\Windows\SYSTEM32\ncrypt.dll
0x00007ff8e80a0000 - 0x00007ff8e80df000 	C:\Windows\SYSTEM32\NTASN1.dll
0x00007ff834e90000 - 0x00007ff834ef8000 	C:\Users\ASUS\AppData\Local\Temp\agripath_native\k_means_cluster.dll
0x00007ff861070000 - 0x00007ff861085000 	C:\msys64\ucrt64\bin\libwinpthread-1.dll
0x00007ff834e20000 - 0x00007ff834e88000 	C:\Users\ASUS\AppData\Local\Temp\agripath_native\ResourceSearchJNI.dll
0x00007fffcf380000 - 0x00007fffcf3e9000 	C:\Users\ASUS\AppData\Local\Temp\agripath_native\AStarJNI.dll
0x00007ff8d9c90000 - 0x00007ff8d9c99000 	C:\Program Files\Java\jdk-25\bin\syslookup.dll
0x00007ff8e2740000 - 0x00007ff8e275f000 	C:\Windows\SYSTEM32\dhcpcsvc6.DLL
0x00007ff8e2470000 - 0x00007ff8e2495000 	C:\Windows\SYSTEM32\dhcpcsvc.DLL
0x00007ff8a10d0000 - 0x00007ff8a10d8000 	C:\Windows\system32\wshunix.dll

JVMTI agents:
C:\Program Files\JetBrains\IntelliJ IDEA 2025.1.1.1\lib\idea_rt.jar path:C:\Program Files\Java\jdk-25\bin\instrument.dll, loaded, initialized, instrumentlib options:4502

dbghelp: loaded successfully - version: 4.0.5 - missing functions: none
symbol engine: initialized successfully - sym options: 0x614 - pdb path: .;C:\Program Files\Java\jdk-25\bin;C:\Windows\SYSTEM32;C:\Windows\WinSxS\amd64_microsoft.windows.common-controls_6595b64144ccf1df_6.0.26100.4768_none_3e0c112ce331287c;C:\Program Files\Java\jdk-25\bin\server;C:\Users\ASUS\AppData\Local\Temp\agripath_native;C:\msys64\ucrt64\bin

VM Arguments:
jvm_args: -XX:TieredStopAtLevel=1 -Dspring.output.ansi.enabled=always -Dcom.sun.management.jmxremote -Dspring.jmx.enabled=true -Dspring.liveBeansView.mbeanDomain -Dspring.application.admin.enabled=true -Dmanagement.endpoints.jmx.exposure.include=* -javaagent:C:\Program Files\JetBrains\IntelliJ IDEA 2025.1.1.1\lib\idea_rt.jar=4502 -Dfile.encoding=UTF-8 -Dsun.stdout.encoding=UTF-8 -Dsun.stderr.encoding=UTF-8 
java_command: com.agripath.AcpServerApplication
java_class_path (initial): D:\py_project\agricooppath\backend\ACP-server\target\classes;C:\Users\ASUS\.m2\repository\io\jsonwebtoken\jjwt-jackson\0.13.0\jjwt-jackson-0.13.0.jar;C:\Users\ASUS\.m2\repository\com\fasterxml\jackson\core\jackson-databind\2.20.2\jackson-databind-2.20.2.jar;C:\Users\ASUS\.m2\repository\com\fasterxml\jackson\core\jackson-annotations\2.20\jackson-annotations-2.20.jar;C:\Users\ASUS\.m2\repository\com\fasterxml\jackson\core\jackson-core\2.20.2\jackson-core-2.20.2.jar;C:\Users\ASUS\.m2\repository\io\jsonwebtoken\jjwt-impl\0.13.0\jjwt-impl-0.13.0.jar;C:\Users\ASUS\.m2\repository\com\mysql\mysql-connector-j\8.0.33\mysql-connector-j-8.0.33.jar;C:\Users\ASUS\.m2\repository\com\google\protobuf\protobuf-java\3.21.9\protobuf-java-3.21.9.jar;D:\py_project\agricooppath\backend\ACP-common\target\classes;C:\Users\ASUS\.m2\repository\org\springframework\spring-context\7.0.5\spring-context-7.0.5.jar;C:\Users\ASUS\.m2\repository\org\springframework\spring-aop\7.0.5\spring-aop-7.0.5.jar;C:\Users\ASUS\.m2\repository\org\springframework\spring-beans\7.0.5\spring-beans-7.0.5.jar;C:\Users\ASUS\.m2\repository\org\springframework\spring-expression\7.0.5\spring-expression-7.0.5.jar;C:\Users\ASUS\.m2\repository\io\micrometer\micrometer-observation\1.16.3\micrometer-observation-1.16.3.jar;C:\Users\ASUS\.m2\repository\io\micrometer\micrometer-commons\1.16.3\micrometer-commons-1.16.3.jar;C:\Users\ASUS\.m2\repository\org\springframework\boot\spring-boot\4.0.3\spring-boot-4.0.3.jar;D:\py_project\agricooppath\backend\ACP-pojo\target\classes;C:\Users\ASUS\.m2\repository\io\jsonwebtoken\jjwt-api\0.13.0\jjwt-api-0.13.0.jar;C:\Users\ASUS\.m2\repository\org\springframework\boot\spring-boot-starter\4.0.3\spring-boot-starter-4.0.3.jar;C:\Users\ASUS\.m2\repository\org\springframework\boot\spring-boot-starter-logging\4.0.3\spring-boot-starter-logging-4.0.3.jar;C:\Users\ASUS\.m2\repository\ch\qos\logback\logback-classic\1.5.32\logback-classic-1.5.32.jar;C:\Users\ASUS\.m2\repository\ch\qos\logback\logback-core\1.5.32\logback-core-1.5.32.jar;C:\Users\ASUS\.m2\repository\org\apache\logging\log4j\log4j-to-slf4j\2.25.3\log4j-to-slf4j-2.25.3.jar;C:\Users\ASUS\.m2\repository\org\apache\logging\log4j\log4j-api\2.25.3\log4j-api-2.25.3.jar;C:\Users\ASUS\.m2\repository\org\slf4j\jul-to-slf4j\2.0.17\jul-to-slf4j-2.0.17.jar;C:\Users\ASUS\.m2\repository\jakarta\annotation\jakarta.annotation-api\3.0.0\jakarta.annotation-api-3.0.0.jar;C:\Users\ASUS\.m2\repository\org\yaml\snakeyaml\2.5\snakeyaml-2.5.jar;C:\Users\ASUS\.m2\repository\org\springframework\boot\spring-boot-starter-websocket\4.0.3\spring-boot-starter-websocket-4.0.3.jar;C:\Users\ASUS\.m2\repository\org\springframework\boot\spring-boot-starter-webmvc\4.0.3\spring-boot-starter-webmvc-4.0.3.jar;C:\Users\ASUS\.m2\repository\org\springframework\boot\spring-boot-websocket\4.0.3\spring-boot-websocket-4.0.3.jar;C:\Users\ASUS\.m2\repository\org\springframework\spring-messaging\7.0.5\spring-messaging-7.0.5.jar;C:\Users\ASUS\.m2\repository\org\springframework\spring-websocket\7.0.5\spring-websocket-7.0.5.jar;C:\Users\ASUS\.m2\repository\org\springframework\boot\spring-boot-starter-cache\4.0.3\spring-boot-starter-cache-4.0.3.jar;C:\Users\ASUS\.m2\repository\org\springframework\boot\spring-boot-cache\4.0.3\spring-boot-cache-4.0.3.jar;C:\Users\ASUS\.m2\repository\org\springframework\spring-context-support\7.0.5\spring-context-support-7.0.5.jar;C:\Users\ASUS\.m2\repository\org\springframework\boot\spring-boot-starter-data-redis\4.0.3\spring-boot-starter-data-redis-4.0.3.jar;C:\Users\ASUS\.m2\repository\org\springframework\boot\spring-boot-data-redis\4.0.3\spring-boot-data-redis-4.0.3.jar;C:\Users\ASUS\.m2\repository\org\springframework\boot\spring-boot-data-commons\4.0.3\spring-boot-data-commons-4.0.3.jar;C:\Users\ASUS\.m2\repository\org\springframework\boot\spring-boot-persistence\4.0.3\spring-boot-persistence-4.0.3.jar;C:\Users\ASUS\.m2\repository\org\springframework\data\spring-data-commons\4.0.3\spring-data-commons-4.0.3.jar;C:\Users\ASUS\.m2\repository\org\springframework\boot\spring-boot-transaction\4.0.3\spring-boot-transaction-4.0.3.jar;C:\Users\ASUS\.m2\repository\org\springframework\spring-tx\7.0.5\spring-tx-7.0.5.jar;C:\Users\ASUS\.m2\repository\io\lettuce\lettuce-core\6.8.2.RELEASE\lettuce-core-6.8.2.RELEASE.jar;C:\Users\ASUS\.m2\repository\redis\clients\authentication\redis-authx-core\0.1.1-beta2\redis-authx-core-0.1.1-beta2.jar;C:\Users\ASUS\.m2\repository\io\netty\netty-common\4.2.10.Final\netty-common-4.2.10.Final.jar;C:\Users\ASUS\.m2\repository\io\netty\netty-handler\4.2.10.Final\netty-handler-4.2.10.Final.jar;C:\Users\ASUS\.m2\repository\io\netty\netty-resolver\4.2.10.Final\netty-resolver-4.2.10.Final.jar;C:\Users\ASUS\.m2\repository\io\netty\netty-buffer\4.2.10.Final\netty-buffer-4.2.10.Final.jar;C:\Users\ASUS\.m2\repository\io\netty\netty-transport-native-unix-common\4.2.10.Final\netty-transport-native-unix-common-4.2.10.Final.jar;C:\Users\ASUS\.m2\repository\io\netty\netty-codec-base\4.2.10.Final\netty-codec-base-4.2.10.Final.jar;C:\Users\ASUS\.m2\repository\io\netty\netty-transport\4.2.10.Final\netty-transport-4.2.10.Final.jar;C:\Users\ASUS\.m2\repository\io\projectreactor\reactor-core\3.8.3\reactor-core-3.8.3.jar;C:\Users\ASUS\.m2\repository\org\reactivestreams\reactive-streams\1.0.4\reactive-streams-1.0.4.jar;C:\Users\ASUS\.m2\repository\io\netty\netty-resolver-dns\4.2.10.Final\netty-resolver-dns-4.2.10.Final.jar;C:\Users\ASUS\.m2\repository\io\netty\netty-codec-dns\4.2.10.Final\netty-codec-dns-4.2.10.Final.jar;C:\Users\ASUS\.m2\repository\org\springframework\data\spring-data-redis\4.0.3\spring-data-redis-4.0.3.jar;C:\Users\ASUS\.m2\repository\org\springframework\data\spring-data-keyvalue\4.0.3\spring-data-keyvalue-4.0.3.jar;C:\Users\ASUS\.m2\repository\org\springframework\spring-oxm\7.0.5\spring-oxm-7.0.5.jar;C:\Users\ASUS\.m2\repository\org\springframework\boot\spring-boot-netty\4.0.3\spring-boot-netty-4.0.3.jar;C:\Users\ASUS\.m2\repository\com\github\xiaoymin\knife4j-spring-boot-starter\3.0.2\knife4j-spring-boot-starter-3.0.2.jar;C:\Users\ASUS\.m2\repository\com\github\xiaoymin\knife4j-spring-boot-autoconfigure\3.0.2\knife4j-spring-boot-autoconfigure-3.0.2.jar;C:\Users\ASUS\.m2\repository\com\github\xiaoymin\knife4j-spring\3.0.2\knife4j-spring-3.0.2.jar;C:\Users\ASUS\.m2\repository\com\github\xiaoymin\knife4j-annotations\3.0.2\knife4j-annotations-3.0.2.jar;C:\Users\ASUS\.m2\repository\io\swagger\swagger-annotations\1.5.22\swagger-annotations-1.5.22.jar;C:\Users\ASUS\.m2\repository\io\swagger\core\v3\swagger-annotations\2.1.2\swagger-annotations-2.1.2.jar;C:\Users\ASUS\.m2\repository\com\github\xiaoymin\knife4j-core\3.0.2\knife4j-core-3.0.2.jar;C:\Users\ASUS\.m2\repository\org\javassist\javassist\3.25.0-GA\javassist-3.25.0-GA.jar;C:\Users\ASUS\.m2\repository\io\springfox\springfox-swagger2\3.0.0\springfox-swagger2-3.0.0.jar;C:\Users\ASUS\.m2\repository\io\springfox\springfox-spi\3.0.0\springfox-spi-3.0.0.jar;C:\Users\ASUS\.m2\repository\io\springfox\springfox-schema\3.0.0\springfox-schema-3.0.0.jar;C:\Users\ASUS\.m2\repository\io\springfox\springfox-swagger-common\3.0.0\springfox-swagger-common-3.0.0.jar;C:\Users\ASUS\.m2\repository\io\springfox\springfox-spring-web\3.0.0\springfox-spring-web-3.0.0.jar;C:\Users\ASUS\.m2\repository\io\github\classgraph\classgraph\4.8.83\classgraph-4.8.83.jar;C:\Users\ASUS\.m2\repository\io\springfox\springfox-spring-webflux\3.0.0\springfox-spring-webflux-3.0.0.jar;C:\Users\ASUS\.m2\repository\org\mapstruct\mapstruct\1.3.1.Final\mapstruct-1.3.1.Final.jar;C:\Users\ASUS\.m2\repository\io\springfox\springfox-spring-webmvc\3.0.0\springfox-spring-webmvc-3.0.0.jar;C:\Users\ASUS\.m2\repository\io\springfox\springfox-core\3.0.0\springfox-core-3.0.0.jar;C:\Users\ASUS\.m2\repository\io\springfox\springfox-oas\3.0.0\springfox-oas-3.0.0.jar;C:\Users\ASUS\.m2\repository\io\swagger\core\v3\swagger-models\2.1.2\swagger-models-2.1.2.jar;C:\Users\ASUS\.m2\repository\io\springfox\springfox-bean-validators\3.0.0\springfox-bean-validators-3.0.0.jar;C:\Users\ASUS\.m2\repository\io\swagger\swagger-models\1.5.22\swagger-models-1.5.22.jar;C:\Users\ASUS\.m2\repository\io\swagger\swagger-core\1.5.22\swagger-core-1.5.22.jar;C:\Users\ASUS\.m2\repository\org\apache\commons\commons-lang3\3.19.0\commons-lang3-3.19.0.jar;C:\Users\ASUS\.m2\repository\com\fasterxml\jackson\dataformat\jackson-dataformat-yaml\2.20.2\jackson-dataformat-yaml-2.20.2.jar;C:\Users\ASUS\.m2\repository\com\google\guava\guava\27.0.1-android\guava-27.0.1-android.jar;C:\Users\ASUS\.m2\repository\com\google\guava\failureaccess\1.0.1\failureaccess-1.0.1.jar;C:\Users\ASUS\.m2\repository\com\google\guava\listenablefuture\9999.0-empty-to-avoid-conflict-with-guava\listenablefuture-9999.0-empty-to-avoid-conflict-with-guava.jar;C:\Users\ASUS\.m2\repository\com\google\code\findbugs\jsr305\3.0.2\jsr305-3.0.2.jar;C:\Users\ASUS\.m2\repository\org\checkerframework\checker-compat-qual\2.5.2\checker-compat-qual-2.5.2.jar;C:\Users\ASUS\.m2\repository\com\google\errorprone\error_prone_annotations\2.2.0\error_prone_annotations-2.2.0.jar;C:\Users\ASUS\.m2\repository\com\google\j2objc\j2objc-annotations\1.1\j2objc-annotations-1.1.jar;C:\Users\ASUS\.m2\repository\org\codehaus\mojo\animal-sniffer-annotations\1.17\animal-sniffer-annotations-1.17.jar;C:\Users\ASUS\.m2\repository\javax\validation\validation-api\1.1.0.Final\validation-api-1.1.0.Final.jar;C:\Users\ASUS\.m2\repository\io\springfox\springfox-boot-starter\3.0.0\springfox-boot-starter-3.0.0.jar;C:\Users\ASUS\.m2\repository\io\springfox\springfox-data-rest\3.0.0\springfox-data-rest-3.0.0.jar;C:\Users\ASUS\.m2\repository\com\fasterxml\classmate\1.7.3\classmate-1.7.3.jar;C:\Users\ASUS\.m2\repository\org\springframework\plugin\spring-plugin-core\2.0.0.RELEASE\spring-plugin-core-2.0.0.RELEASE.jar;C:\Users\ASUS\.m2\repository\org\springframework\plugin\spring-plugin-metadata\2.0.0.RELEASE\spring-plugin-metadata-2.0.0.RELEASE.jar;C:\Users\ASUS\.m2\repository\com\github\xiaoymin\knife4j-spring-ui\3.0.2\knife4j-spring-ui-3.0.2.jar;C:\Users\ASUS\.m2\repository\org\aspectj\aspectjweaver\1.9.4\aspectjweaver-1.9.4.jar;C:\Users\ASUS\.m2\repository\org\aspectj\aspectjrt\1.9.4\aspectjrt-1.9.4.jar;C:\Users\ASUS\.m2\repository\com\github\pagehelper\pagehelper-spring-boot-starter\1.3.0\pagehelper-spring-boot-starter-1.3.0.jar;C:\Users\ASUS\.m2\repository\com\github\pagehelper\pagehelper-spring-boot-autoconfigure\1.3.0\pagehelper-spring-boot-autoconfigure-1.3.0.jar;C:\Users\ASUS\.m2\repository\com\github\pagehelper\pagehelper\5.2.0\pagehelper-5.2.0.jar;C:\Users\ASUS\.m2\repository\com\github\jsqlparser\jsqlparser\3.2\jsqlparser-3.2.jar;C:\Users\ASUS\.m2\repository\com\alibaba\druid-spring-boot-starter\1.2.1\druid-spring-boot-starter-1.2.1.jar;C:\Users\ASUS\.m2\repository\com\alibaba\druid\1.2.1\druid-1.2.1.jar;C:\Users\ASUS\.m2\repository\javax\annotation\javax.annotation-api\1.3.2\javax.annotation-api-1.3.2.jar;C:\Users\ASUS\.m2\repository\org\slf4j\slf4j-api\2.0.17\slf4j-api-2.0.17.jar;C:\Users\ASUS\.m2\repository\com\alibaba\fastjson\1.2.76\fastjson-1.2.76.jar;C:\Users\ASUS\.m2\repository\org\projectlombok\lombok\1.18.42\lombok-1.18.42.jar;C:\Users\ASUS\.m2\repository\org\mybatis\spring\boot\mybatis-spring-boot-starter\4.0.1\mybatis-spring-boot-starter-4.0.1.jar;C:\Users\ASUS\.m2\repository\org\springframework\boot\spring-boot-starter-jdbc\4.0.3\spring-boot-starter-jdbc-4.0.3.jar;C:\Users\ASUS\.m2\repository\org\springframework\boot\spring-boot-jdbc\4.0.3\spring-boot-jdbc-4.0.3.jar;C:\Users\ASUS\.m2\repository\org\springframework\boot\spring-boot-sql\4.0.3\spring-boot-sql-4.0.3.jar;C:\Users\ASUS\.m2\repository\org\springframework\spring-jdbc\7.0.5\spring-jdbc-7.0.5.jar;C:\Users\ASUS\.m2\repository\com\zaxxer\HikariCP\7.0.2\HikariCP-7.0.2.jar;C:\Users\ASUS\.m2\repository\org\mybatis\spring\boot\mybatis-spring-boot-autoconfigure\4.0.1\mybatis-spring-boot-autoconfigure-4.0.1.jar;C:\Users\ASUS\.m2\repository\org\mybatis\mybatis\3.5.19\mybatis-3.5.19.jar;C:\Users\ASUS\.m2\repository\org\mybatis\mybatis-spring\4.0.0\mybatis-spring-4.0.0.jar;C:\Users\ASUS\.m2\repository\org\springframework\boot\spring-boot-autoconfigure\4.0.3\spring-boot-autoconfigure-4.0.3.jar;C:\Users\ASUS\.m2\repository\org\springframework\boot\spring-boot-starter-web\4.0.3\spring-boot-starter-web-4.0.3.jar;C:\Users\ASUS\.m2\repository\org\springframework\boot\spring-boot-starter-jackson\4.0.3\spring-boot-starter-jackson-4.0.3.jar;C:\Users\ASUS\.m2\repository\org\springframework\boot\spring-boot-jackson\4.0.3\spring-boot-jackson-4.0.3.jar;C:\Users\ASUS\.m2\repository\tools\jackson\core\jackson-databind\3.0.4\jackson-databind-3.0.4.jar;C:\Users\ASUS\.m2\repository\tools\jackson\core\jackson-core\3.0.4\jackson-core-3.0.4.jar;C:\Users\ASUS\.m2\repository\org\springframework\boot\spring-boot-starter-tomcat\4.0.3\spring-boot-starter-tomcat-4.0.3.jar;C:\Users\ASUS\.m2\repository\org\springframework\boot\spring-boot-starter-tomcat-runtime\4.0.3\spring-boot-starter-tomcat-runtime-4.0.3.jar;C:\Users\ASUS\.m2\repository\org\springframework\boot\spring-boot-web-server\4.0.3\spring-boot-web-server-4.0.3.jar;C:\Users\ASUS\.m2\repository\org\apache\tomcat\embed\tomcat-embed-core\11.0.18\tomcat-embed-core-11.0.18.jar;C:\Users\ASUS\.m2\repository\org\apache\tomcat\embed\tomcat-embed-el\11.0.18\tomcat-embed-el-11.0.18.jar;C:\Users\ASUS\.m2\repository\org\apache\tomcat\embed\tomcat-embed-websocket\11.0.18\tomcat-embed-websocket-11.0.18.jar;C:\Users\ASUS\.m2\repository\org\springframework\boot\spring-boot-tomcat\4.0.3\spring-boot-tomcat-4.0.3.jar;C:\Users\ASUS\.m2\repository\org\springframework\boot\spring-boot-http-converter\4.0.3\spring-boot-http-converter-4.0.3.jar;C:\Users\ASUS\.m2\repository\org\springframework\spring-web\7.0.5\spring-web-7.0.5.jar;C:\Users\ASUS\.m2\repository\org\springframework\boot\spring-boot-webmvc\4.0.3\spring-boot-webmvc-4.0.3.jar;C:\Users\ASUS\.m2\repository\org\springframework\boot\spring-boot-servlet\4.0.3\spring-boot-servlet-4.0.3.jar;C:\Users\ASUS\.m2\repository\org\springframework\spring-webmvc\7.0.5\spring-webmvc-7.0.5.jar;C:\Users\ASUS\.m2\repository\jakarta\xml\bind\jakarta.xml.bind-api\4.0.4\jakarta.xml.bind-api-4.0.4.jar;C:\Users\ASUS\.m2\repository\jakarta\activation\jakarta.activation-api\2.1.4\jakarta.activation-api-2.1.4.jar;C:\Users\ASUS\.m2\repository\net\bytebuddy\byte-buddy\1.17.8\byte-buddy-1.17.8.jar;C:\Users\ASUS\.m2\repository\org\springframework\spring-core\7.0.5\spring-core-7.0.5.jar;C:\Users\ASUS\.m2\repository\commons-logging\commons-logging\1.3.5\commons-logging-1.3.5.jar;C:\Users\ASUS\.m2\repository\org\jspecify\jspecify\1.0.0\jspecify-1.0.0.jar;C:\Users\ASUS\.m2\repository\cn\hutool\hutool-all\5.8.43\hutool-all-5.8.43.jar
Launcher Type: SUN_STANDARD

[Global flags]
     intx CICompilerCount                          = 12                                        {product} {ergonomic}
     uint ConcGCThreads                            = 3                                         {product} {ergonomic}
     uint G1ConcRefinementThreads                  = 13                                        {product} {ergonomic}
   size_t G1HeapRegionSize                         = 2097152                                   {product} {ergonomic}
   size_t InitialHeapSize                          = 257949696                                 {product} {ergonomic}
     bool ManagementServer                         = true                                      {product} {command line}
   size_t MarkStackSize                            = 4194304                                   {product} {ergonomic}
   size_t MarkStackSizeMax                         = 536870912                                 {product} {ergonomic}
   size_t MaxHeapSize                              = 4106223616                                {product} {ergonomic}
   size_t MaxNewSize                               = 2462056448                                {product} {ergonomic}
   size_t MinHeapDeltaBytes                        = 2097152                                   {product} {ergonomic}
   size_t MinHeapSize                              = 8388608                                   {product} {ergonomic}
    uintx NonNMethodCodeHeapSize                   = 4096                                   {pd product} {ergonomic}
    uintx NonProfiledCodeHeapSize                  = 0                                      {pd product} {ergonomic}
     bool ProfileInterpreter                       = false                                  {pd product} {command line}
    uintx ProfiledCodeHeapSize                     = 0                                      {pd product} {ergonomic}
   size_t SoftMaxHeapSize                          = 4106223616                             {manageable} {ergonomic}
     intx TieredStopAtLevel                        = 1                                         {product} {command line}
     bool UseCompressedOops                        = true                           {product lp64_product} {ergonomic}
     bool UseG1GC                                  = true                                      {product} {ergonomic}
     bool UseLargePagesIndividualAllocation        = false                                  {pd product} {ergonomic}

Logging:
Log output configuration:
 #0: stdout all=warning uptime,level,tags foldmultilines=false
 #1: stderr all=off uptime,level,tags foldmultilines=false

Release file:
IMPLEMENTOR="Oracle Corporation" 
JAVA_RUNTIME_VERSION="25.0.1+8-LTS-27" 
JAVA_VERSION="25.0.1" 
JAVA_VERSION_DATE="2025-10-21" 
LIBC="default" 
MODULES="java.base java.compiler java.datatransfer java.xml java.prefs java.desktop java.instrument java.logging java.management java.security.sasl java.naming java.rmi java.management.rmi java.net.http java.scripting java.security.jgss java.transaction.xa java.sql java.sql.rowset java.xml.crypto java.se java.smartcardio jdk.accessibility jdk.internal.jvmstat jdk.attach jdk.charsets jdk.internal.opt jdk.zipfs jdk.compiler jdk.crypto.cryptoki jdk.crypto.ec jdk.crypto.mscapi jdk.dynalink jdk.internal.ed jdk.editpad jdk.internal.vm.ci jdk.graal.compiler jdk.graal.compiler.management jdk.hotspot.agent jdk.httpserver jdk.incubator.vector jdk.internal.le jdk.internal.md jdk.jartool jdk.javadoc jdk.jcmd jdk.management jdk.management.agent jdk.jconsole jdk.jdeps jdk.jdwp.agent jdk.jdi jdk.jfr jdk.jlink jdk.jpackage jdk.jshell jdk.jsobject jdk.jstatd jdk.localedata jdk.management.jfr jdk.naming.dns jdk.naming.rmi jdk.net jdk.nio.mapmode jdk.sctp jdk.security.auth jdk.security.jgss jdk.unsupported jdk.unsupported.desktop jdk.xml.dom" 
OS_ARCH="x86_64" 
OS_NAME="Windows" 
SOURCE=".:git:862c85bc42b7 open:git:78770bfaefd2" 

Environment Variables:
JAVA_HOME=C:\Program Files\Java\jdk-25
PATH=C:\Users\ASUS\AppData\Local\Programs\Python\Python314\Scripts\;C:\Users\ASUS\AppData\Local\Programs\Python\Python314\;C:\Program Files\Java\jdk-25\bin;C:\msys64\usr\bin;C:\msys64\clang64\bin;C:\msys64\mingw64\bin;C:\msys64\ucrt64\bin;C:\Program Files\Common Files\Oracle\Java\javapath;C:\Windows\system32;C:\Windows;C:\Windows\System32\Wbem;C:\Windows\System32\WindowsPowerShell\v1.0\;C:\Windows\System32\OpenSSH\;C:\Program Files (x86)\NVIDIA Corporation\PhysX\Common;C:\Program Files\dotnet\;C:\Program Files\NVIDIA Corporation\NVIDIA App\NvDLISR;C:\Users\ASUS\AppData\Local\Programs\Microsoft VS Code\bin;D:\mingw\x86_64-15.2.0-release-win32-seh-ucrt-rt_v13-rev0\mingw64\bin;C:\Program Files\ffmpeg\bin;C:\Program Files\apache-maven-3.9.11-bin\apache-maven-3.9.11\bin;C:\Windows\system32\config\systemprofile\AppData\Local\Muse Hub\lib;C:\Program Files\MySQL\MySQL Server 9.6\bin;C:\Program Files\nodejs\;C:\Users\ASUS\.npm-global\node_modules;C:\Program Files\Git\cmd;C:\Program Files\Go\bin;C:\Users\ASUS\miniconda3;C:\Users\ASUS\miniconda3\Library\mingw-w64\bin;C:\Users\ASUS\miniconda3\Library\usr\bin;C:\Users\ASUS\miniconda3\Library\bin;C:\Users\ASUS\miniconda3\Scripts;c:\Users\ASUS\AppData\Local\Programs\Trae CN\bin;C:\Users\ASUS\.local\bin;C:\Users\ASUS\AppData\Local\Programs\Python\Python314\Scripts\;C:\Users\ASUS\AppData\Local\Programs\Python\Python314\;C:\Users\ASUS\.cargo\bin;C:\Users\ASUS\AppData\Local\Microsoft\WindowsApps;C:\Users\ASUS\AppData\Local\Programs\Microsoft VS Code\bin;D:\mingw\x86_64-15.2.0-release-win32-seh-ucrt-rt_v13-rev0\mingw64\bin;C:\Users\ASUS\AppData\Local\Muse Hub\lib;C:\Users\ASUS\AppData\Roaming\npm;C:\Users\ASUS\.npm-global;D:\goland\GoLand 2025.3.3\bin;D:\pycharm\PyCharm 2025.3.3\bin;C:\Users\ASUS\go\bin;C:\Users\ASUS\AppData\Local\Programs\Ollama
USERNAME=ASUS
OS=Windows_NT
PROCESSOR_IDENTIFIER=AMD64 Family 25 Model 117 Stepping 2, AuthenticAMD
TMP=C:\Users\ASUS\AppData\Local\Temp
TEMP=C:\Users\ASUS\AppData\Local\Temp




Compilation memory statistics disabled.

Periodic native trim disabled

---------------  S Y S T E M  ---------------

OS:
 Windows 11 , 64 bit Build 26100 (10.0.26100.4768)
OS uptime: 7 days 16:30 hours

CPU: total 16 (initial active 16) (16 cores per cpu, 2 threads per core) family 25 model 117 stepping 2 microcode 0xa705206, cx8, cmov, fxsr, ht, mmx, 3dnowpref, sse, sse2, sse3, ssse3, sse4a, sse4.1, sse4.2, popcnt, lzcnt, tsc, tscinvbit, avx, avx2, aes, erms, clmul, bmi1, bmi2, adx, avx512f, avx512dq, avx512cd, avx512bw, avx512vl, sha, fma, vzeroupper, avx512_vpopcntdq, avx512_vpclmulqdq, avx512_vaes, avx512_vnni, clflush, clflushopt, clwb, avx512_vbmi2, avx512_vbmi, rdtscp, rdpid, fsrm, gfni, avx512_bitalg, f16c, pku, cet_ss, avx512_ifma
Processor Information for the first 16 processors :
  Max Mhz: 3801, Current Mhz: 3801, Mhz Limit: 3801

Memory: 4k page, system-wide physical 15658M (2341M free)
TotalPageFile size 34793M (AvailPageFile size 1604M)
current process WorkingSet (physical memory assigned to process): 211M, peak: 211M
current process commit charge ("private bytes"): 265M, peak: 392M

vm_info: Java HotSpot(TM) 64-Bit Server VM (25.0.1+8-LTS-27) for windows-amd64 JRE (25.0.1+8-LTS-27), built on 2025-09-25T16:41:16Z with unknown MS VC++:1943

END.
