#
# A fatal error has been detected by the Java Runtime Environment:
#
#  EXCEPTION_INT_DIVIDE_BY_ZERO (0xc0000094) at pc=0x00007fffcf3829ac, pid=25552, tid=36660
#
# JRE version: Java(TM) SE Runtime Environment (25.0.1+8) (build 25.0.1+8-LTS-27)
# Java VM: Java HotSpot(TM) 64-Bit Server VM (25.0.1+8-LTS-27, mixed mode, emulated-client, sharing, tiered, compressed oops, compressed class ptrs, g1 gc, windows-amd64)
# Problematic frame:
# C  [k_means_cluster.dll+0x29ac]
#
# No core dump will be written. Minidumps are not enabled by default on client versions of Windows
#
# If you would like to submit a bug report, please visit:
#   https://bugreport.java.com/bugreport/crash.jsp
# The crash happened outside the Java Virtual Machine in native code.
# See problematic frame for where to report the bug.
#

---------------  S U M M A R Y ------------

Command Line: -XX:TieredStopAtLevel=1 -Dspring.output.ansi.enabled=always -Dcom.sun.management.jmxremote -Dspring.jmx.enabled=true -Dspring.liveBeansView.mbeanDomain -Dspring.application.admin.enabled=true -Dmanagement.endpoints.jmx.exposure.include=* -javaagent:C:\Program Files\JetBrains\IntelliJ IDEA 2025.1.1.1\lib\idea_rt.jar=13572 -Dfile.encoding=UTF-8 -Dsun.stdout.encoding=UTF-8 -Dsun.stderr.encoding=UTF-8 com.agripath.AcpServerApplication

Host: AMD Ryzen 7 8845H w/ Radeon 780M Graphics      , 16 cores, 15G,  Windows 11 , 64 bit Build 26100 (10.0.26100.4768)
Time: Fri May 29 10:36:46 2026 elapsed time: 5.180032 seconds (0d 0h 0m 5s)

---------------  T H R E A D  ---------------

Current thread (0x000002aa737a8570):  JavaThread "http-nio-8080-exec-1" daemon [_thread_in_native, id=36660, stack(0x000000e5e7700000,0x000000e5e7800000) (1024K)]

Stack: [0x000000e5e7700000,0x000000e5e7800000],  sp=0x000000e5e77fd390,  free space=1012k
Native frames: (J=compiled Java code, j=interpreted, Vv=VM code, C=native code)
C  [k_means_cluster.dll+0x29ac]  (no source info available)
C  [k_means_cluster.dll+0x30ca]  (no source info available)
C  [k_means_cluster.dll+0x18ad]  (no source info available)
C  0x000002aa618dccfe  (no source info available)

The last pc belongs to native method entry point (kind = native) (printed below).
Java frames: (J=compiled Java code, j=interpreted, Vv=VM code)
j  com.agripath.acpcommon.utils.KMeansClusterUtil.kMeans(IIIIII[[I)[[[I+0
j  com.agripath.service.AlgorithmPipelineService.cluster(Lcom/agripath/dto/ClusterRequestDTO;)Ljava/util/Map;+71
j  com.agripath.controller.AlgorithmController.cluster(Lcom/agripath/dto/ClusterRequestDTO;)Lcom/agripath/result/Result;+38
j  java.lang.invoke.LambdaForm$DMH+0x0000000018170400.invokeVirtual(Ljava/lang/Object;Ljava/lang/Object;Ljava/lang/Object;)Ljava/lang/Object;+11 java.base@25.0.1
j  java.lang.invoke.LambdaForm$MH+0x0000000018100800.invoke(Ljava/lang/Object;Ljava/lang/Object;Ljava/lang/Object;)Ljava/lang/Object;+52 java.base@25.0.1
J 4857 c1 jdk.internal.reflect.DirectMethodHandleAccessor.invoke(Ljava/lang/Object;[Ljava/lang/Object;)Ljava/lang/Object; java.base@25.0.1 (92 bytes) @ 0x000002aa62227e94 [0x000002aa62227b00+0x0000000000000394]
J 4875 c1 java.lang.reflect.Method.invoke(Ljava/lang/Object;[Ljava/lang/Object;)Ljava/lang/Object; java.base@25.0.1 (108 bytes) @ 0x000002aa6222bf54 [0x000002aa6222bd80+0x00000000000001d4]
j  org.springframework.web.method.support.InvocableHandlerMethod.doInvoke([Ljava/lang/Object;)Ljava/lang/Object;+55
j  org.springframework.web.method.support.InvocableHandlerMethod.invokeForRequest(Lorg/springframework/web/context/request/NativeWebRequest;Lorg/springframework/web/method/support/ModelAndViewContainer;[Ljava/lang/Object;)Ljava/lang/Object;+82
j  org.springframework.web.servlet.mvc.method.annotation.ServletInvocableHandlerMethod.invokeAndHandle(Lorg/springframework/web/context/request/ServletWebRequest;Lorg/springframework/web/method/support/ModelAndViewContainer;[Ljava/lang/Object;)V+4
j  org.springframework.web.servlet.mvc.method.annotation.RequestMappingHandlerAdapter.invokeHandlerMethod(Ljakarta/servlet/http/HttpServletRequest;Ljakarta/servlet/http/HttpServletResponse;Lorg/springframework/web/method/HandlerMethod;)Lorg/springframework/web/servlet/ModelAndView;+300
j  org.springframework.web.servlet.mvc.method.annotation.RequestMappingHandlerAdapter.handleInternal(Ljakarta/servlet/http/HttpServletRequest;Ljakarta/servlet/http/HttpServletResponse;Lorg/springframework/web/method/HandlerMethod;)Lorg/springframework/web/servlet/ModelAndView;+81
j  org.springframework.web.servlet.mvc.method.AbstractHandlerMethodAdapter.handle(Ljakarta/servlet/http/HttpServletRequest;Ljakarta/servlet/http/HttpServletResponse;Ljava/lang/Object;)Lorg/springframework/web/servlet/ModelAndView;+7
j  org.springframework.web.servlet.DispatcherServlet.doDispatch(Ljakarta/servlet/http/HttpServletRequest;Ljakarta/servlet/http/HttpServletResponse;)V+184
j  org.springframework.web.servlet.DispatcherServlet.doService(Ljakarta/servlet/http/HttpServletRequest;Ljakarta/servlet/http/HttpServletResponse;)V+216
j  org.springframework.web.servlet.FrameworkServlet.processRequest(Ljakarta/servlet/http/HttpServletRequest;Ljakarta/servlet/http/HttpServletResponse;)V+70
j  org.springframework.web.servlet.FrameworkServlet.doPost(Ljakarta/servlet/http/HttpServletRequest;Ljakarta/servlet/http/HttpServletResponse;)V+3
j  jakarta.servlet.http.HttpServlet.service(Ljakarta/servlet/http/HttpServletRequest;Ljakarta/servlet/http/HttpServletResponse;)V+384
j  org.springframework.web.servlet.FrameworkServlet.service(Ljakarta/servlet/http/HttpServletRequest;Ljakarta/servlet/http/HttpServletResponse;)V+20
j  jakarta.servlet.http.HttpServlet.service(Ljakarta/servlet/ServletRequest;Ljakarta/servlet/ServletResponse;)V+37
j  org.apache.catalina.core.ApplicationFilterChain.doFilter(Ljakarta/servlet/ServletRequest;Ljakarta/servlet/ServletResponse;)V+162
j  org.apache.tomcat.websocket.server.WsFilter.doFilter(Ljakarta/servlet/ServletRequest;Ljakarta/servlet/ServletResponse;Ljakarta/servlet/FilterChain;)V+21
j  org.apache.catalina.core.ApplicationFilterChain.doFilter(Ljakarta/servlet/ServletRequest;Ljakarta/servlet/ServletResponse;)V+69
j  org.springframework.web.filter.CharacterEncodingFilter.doFilterInternal(Ljakarta/servlet/http/HttpServletRequest;Ljakarta/servlet/http/HttpServletResponse;Ljakarta/servlet/FilterChain;)V+53
j  org.springframework.web.filter.OncePerRequestFilter.doFilter(Ljakarta/servlet/ServletRequest;Ljakarta/servlet/ServletResponse;Ljakarta/servlet/FilterChain;)V+150
j  org.apache.catalina.core.ApplicationFilterChain.doFilter(Ljakarta/servlet/ServletRequest;Ljakarta/servlet/ServletResponse;)V+69
j  org.apache.catalina.core.StandardWrapperValve.invoke(Lorg/apache/catalina/connector/Request;Lorg/apache/catalina/connector/Response;)V+510
j  org.apache.catalina.core.StandardContextValve.invoke(Lorg/apache/catalina/connector/Request;Lorg/apache/catalina/connector/Response;)V+124
j  org.apache.catalina.authenticator.AuthenticatorBase.invoke(Lorg/apache/catalina/connector/Request;Lorg/apache/catalina/connector/Response;)V+221
j  org.apache.catalina.core.StandardHostValve.invoke(Lorg/apache/catalina/connector/Request;Lorg/apache/catalina/connector/Response;)V+125
j  org.apache.catalina.valves.ErrorReportValve.invoke(Lorg/apache/catalina/connector/Request;Lorg/apache/catalina/connector/Response;)V+6
j  org.apache.catalina.core.StandardEngineValve.invoke(Lorg/apache/catalina/connector/Request;Lorg/apache/catalina/connector/Response;)V+59
j  org.apache.catalina.connector.CoyoteAdapter.service(Lorg/apache/coyote/Request;Lorg/apache/coyote/Response;)V+179
j  org.apache.coyote.http11.Http11Processor.service(Lorg/apache/tomcat/util/net/SocketWrapperBase;)Lorg/apache/tomcat/util/net/AbstractEndpoint$Handler$SocketState;+796
j  org.apache.coyote.AbstractProcessorLight.process(Lorg/apache/tomcat/util/net/SocketWrapperBase;Lorg/apache/tomcat/util/net/SocketEvent;)Lorg/apache/tomcat/util/net/AbstractEndpoint$Handler$SocketState;+155
j  org.apache.coyote.AbstractProtocol$ConnectionHandler.process(Lorg/apache/tomcat/util/net/SocketWrapperBase;Lorg/apache/tomcat/util/net/SocketEvent;)Lorg/apache/tomcat/util/net/AbstractEndpoint$Handler$SocketState;+477
j  org.apache.tomcat.util.net.NioEndpoint$SocketProcessor.doRun()V+222
j  org.apache.tomcat.util.net.SocketProcessorBase.run()V+32
j  org.apache.tomcat.util.threads.ThreadPoolExecutor.runWorker(Lorg/apache/tomcat/util/threads/ThreadPoolExecutor$Worker;)V+92
j  org.apache.tomcat.util.threads.ThreadPoolExecutor$Worker.run()V+5
j  org.apache.tomcat.util.threads.TaskThread$WrappingRunnable.run()V+4
j  java.lang.Thread.runWith(Ljava/lang/Object;Ljava/lang/Runnable;)V+5 java.base@25.0.1
j  java.lang.Thread.run()V+19 java.base@25.0.1
v  ~StubRoutines::call_stub 0x000002aa618d12ed

siginfo: EXCEPTION_INT_DIVIDE_BY_ZERO (0xc0000094)


Registers:
RAX=0x00000000000004d4, RBX=0x00000000000004d4, RCX=0x000000e5e77fd578, RDX=0x0000000000000000
RSP=0x000000e5e77fd390, RBP=0x000000e5e77fd480, RSI=0x0000000000000000, RDI=0x0000000000000033
R8 =0x000000e5e77fd434, R9 =0x000000e5e77fd3f0, R10=0x0000000000000000, R11=0x000000e5e77fd1d0
R12=0x0000000000000000, R13=0x000002aa6fe36e00, R14=0x000000e5e77fd960, R15=0x000002aa737a8570
RIP=0x00007fffcf3829ac, EFLAGS=0x0000000000010202

XMM[0]=0x0000000000000000 0x40c2b48000000000
XMM[1]=0x0000000000000000 0x40c2000000000000
XMM[2]=0x0000000000000000 0xbf562157ba6915c6
XMM[3]=0x0000000000000000 0x3eaea306a28cc7e5
XMM[4]=0x0000000000000000 0xbf562157ba72de54
XMM[5]=0x0000000000000000 0x3ebea68fa77b8588
XMM[6]=0x0000000000000000 0x0000000000000000
XMM[7]=0x0000000000000000 0x0000000000000000
XMM[8]=0x0000000000000000 0x0000000000000000
XMM[9]=0x0000000000000000 0x0000000000000000
XMM[10]=0x0000000000000000 0x0000000000000000
XMM[11]=0x0000000000000000 0x0000000000000000
XMM[12]=0x0000000000000000 0x0000000000000000
XMM[13]=0x0000000000000000 0x0000000000000000
XMM[14]=0x0000000000000000 0x0000000000000000
XMM[15]=0x0000000000000000 0x0000000000000000
  MXCSR=0x00001fa0


Register to memory mapping:

RAX=0x00000000000004d4 is an unknown value
RBX=0x00000000000004d4 is an unknown value
RCX=0x000000e5e77fd578 is pointing into the stack for thread: 0x000002aa737a8570
RDX=0x0 is null
RSP=0x000000e5e77fd390 is pointing into the stack for thread: 0x000002aa737a8570
RBP=0x000000e5e77fd480 is pointing into the stack for thread: 0x000002aa737a8570
RSI=0x0 is null
RDI=0x0000000000000033 is an unknown value
R8 =0x000000e5e77fd434 is pointing into the stack for thread: 0x000002aa737a8570
R9 =0x000000e5e77fd3f0 is pointing into the stack for thread: 0x000002aa737a8570
R10=0x0 is null
R11=0x000000e5e77fd1d0 is pointing into the stack for thread: 0x000002aa737a8570
R12=0x0 is null
R13=0x000002aa6fe36e00 is pointing into metadata
R14=0x000000e5e77fd960 is pointing into the stack for thread: 0x000002aa737a8570
R15=0x000002aa737a8570 is a thread

Top of Stack: (sp=0x000000e5e77fd390)
0x000000e5e77fd390:   000000e5e77fd578 0000000000000011   x...............
0x000000e5e77fd3a0:   000000e5e77fd434 000000e5e77fd433   4.......3.......
0x000000e5e77fd3b0:   4076900000000000 0000000000000000   ......v@........
0x000000e5e77fd3c0:   0000000000000000 00007fffcf3aa365   ........e.:.....
0x000000e5e77fd3d0:   423800000d2c0034 4058000000000000   4.,...8B......X@
0x000000e5e77fd3e0:   0000000000000a15 000000e5e77fd560   ........`.......
0x000000e5e77fd3f0:   000002aa73ba6390 000002aa73ba639c   .c.s.....c.s....
0x000000e5e77fd400:   000002aa73ba639c 0000000000000002   .c.s............
0x000000e5e77fd410:   000002aa73ba60f0 000002aa73ba60fc   .`.s.....`.s....
0x000000e5e77fd420:   000002aa73ba60fc 000000000000003d   .`.s....=.......
0x000000e5e77fd430:   00000000e77fd460 00007fffcf3a36fc   `........6:.....
0x000000e5e77fd440:   000000e5e77fd578 0000000000000000   x...............
0x000000e5e77fd450:   000000e5e77fd490 000000e5e77fd433   ........3.......
0x000000e5e77fd460:   000000e5e77fd42b 00007fff00000032   +.......2.......
0x000000e5e77fd470:   000000e5e77fd578 0000003d00000001   x...........=...
0x000000e5e77fd480:   0000000000002569 000002aa6fe36e20   i%...... n.o....
0x000000e5e77fd490:   000000000000003c 0000000000000000   <...............
0x000000e5e77fd4a0:   000000e5e77fd4f0 00007fffcf3830ca   .........08.....
0x000000e5e77fd4b0:   000000e5e77fd540 0000000000000032   @.......2.......
0x000000e5e77fd4c0:   000000e5e77fd4d8 00007fffcf398b7c   ........|.9.....
0x000000e5e77fd4d0:   000002aa73a68a18 0000001100000032   ...s....2.......
0x000000e5e77fd4e0:   0000000200000003 0000000100000000   ................
0x000000e5e77fd4f0:   000000e5e77fd580 00007fffcf3818ad   ..........8.....
0x000000e5e77fd500:   000000e5e77fd540 000002aa000003e8   @...............
0x000000e5e77fd510:   000000e5000003e8 000000000000003c   ........<.......
0x000000e5e77fd520:   000000e500000008 00007fff00000002   ................
0x000000e5e77fd530:   00007fff00000014 000000e5e77fd600   ................
0x000000e5e77fd540:   000003e8000003e8 000000080000003c   ........<.......
0x000000e5e77fd550:   0000001400000002 00007fff00000002   ................
0x000000e5e77fd560:   000002aa73ba65b0 000002aa73ba65bc   .e.s.....e.s....
0x000000e5e77fd570:   000002aa73ba65c0 000002aa6c396f70   .e.s....po9l....
0x000000e5e77fd580:   000002aa6c397710 000002aa6c397710   .w9l.....w9l....

Instructions: (pc=0x00007fffcf3829ac)
  0x00007fffcf3828ac:   80 2d 02 00 8b 10 01 da 89 10 48 8b 45 30 48 8d
  0x00007fffcf3828bc:   48 38 8b 45 fc 48 98 48 89 c2 e8 15 0e 02 00 8b
  0x00007fffcf3828cc:   58 04 48 8b 45 30 48 8d 48 38 8b 45 e8 48 98 48
  0x00007fffcf3828dc:   89 c2 e8 fd 0d 02 00 8b 40 04 29 c3 48 8b 45 30
  0x00007fffcf3828ec:   48 8d 48 38 8b 45 fc 48 98 48 89 c2 e8 e3 0d 02
  0x00007fffcf3828fc:   00 8b 40 10 48 63 d0 48 8d 85 70 ff ff ff 48 89
  0x00007fffcf38290c:   c1 e8 1e 2d 02 00 8b 10 01 da 89 10 83 45 fc 01
  0x00007fffcf38291c:   48 8b 45 30 8b 40 08 39 45 fc 0f 8e 08 ff ff ff
  0x00007fffcf38292c:   c7 45 f8 01 00 00 00 e9 25 01 00 00 48 8b 45 30
  0x00007fffcf38293c:   48 8d 58 38 48 8b 45 30 48 8d 48 20 8b 45 f8 48
  0x00007fffcf38294c:   98 48 89 c2 e8 db 2c 02 00 8b 00 48 98 48 89 c2
  0x00007fffcf38295c:   48 89 d9 e8 7c 0d 02 00 8b 38 8b 45 f8 48 63 d0
  0x00007fffcf38296c:   48 8d 45 90 48 89 c1 e8 b8 2c 02 00 8b 18 48 8b
  0x00007fffcf38297c:   45 30 48 8d 70 38 48 8b 45 30 48 8d 48 20 8b 45
  0x00007fffcf38298c:   f8 48 98 48 89 c2 e8 99 2c 02 00 8b 00 48 98 48
  0x00007fffcf38299c:   89 c2 48 89 f1 e8 3a 0d 02 00 8b 70 08 89 d8 99
=>0x00007fffcf3829ac:   f7 fe 8d 1c 07 8b 45 f8 48 63 d0 48 8d 45 90 48
  0x00007fffcf3829bc:   89 c1 e8 6d 2c 02 00 89 18 48 8b 45 30 48 8d 58
  0x00007fffcf3829cc:   38 48 8b 45 30 48 8d 48 20 8b 45 f8 48 98 48 89
  0x00007fffcf3829dc:   c2 e8 4e 2c 02 00 8b 00 48 98 48 89 c2 48 89 d9
  0x00007fffcf3829ec:   e8 ef 0c 02 00 8b 78 04 8b 45 f8 48 63 d0 48 8d
  0x00007fffcf3829fc:   85 70 ff ff ff 48 89 c1 e8 27 2c 02 00 8b 18 48
  0x00007fffcf382a0c:   8b 45 30 48 8d 70 38 48 8b 45 30 48 8d 48 20 8b
  0x00007fffcf382a1c:   45 f8 48 98 48 89 c2 e8 08 2c 02 00 8b 00 48 98
  0x00007fffcf382a2c:   48 89 c2 48 89 f1 e8 a9 0c 02 00 8b 70 08 89 d8
  0x00007fffcf382a3c:   99 f7 fe 8d 1c 07 8b 45 f8 48 63 d0 48 8d 85 70
  0x00007fffcf382a4c:   ff ff ff 48 89 c1 e8 d9 2b 02 00 89 18 83 45 f8
  0x00007fffcf382a5c:   01 48 8b 45 30 8b 40 18 39 45 f8 0f 8e cb fe ff
  0x00007fffcf382a6c:   ff 48 8d 45 bb 48 89 45 d0 90 90 c7 45 bc ff ff
  0x00007fffcf382a7c:   ff 7f 48 8b 45 30 8b 40 18 83 c0 01 48 63 d0 4c
  0x00007fffcf382a8c:   8d 45 bb 48 8d 4d bc 48 8d 85 50 ff ff ff 4d 89
  0x00007fffcf382a9c:   c1 49 89 c8 48 89 c1 e8 a8 2a 02 00 48 8d 45 bb


Stack slot to memory mapping:

stack at sp + 0 slots: 0x000000e5e77fd578 is pointing into the stack for thread: 0x000002aa737a8570
stack at sp + 1 slots: 0x0000000000000011 is an unknown value
stack at sp + 2 slots: 0x000000e5e77fd434 is pointing into the stack for thread: 0x000002aa737a8570
stack at sp + 3 slots: 0x000000e5e77fd433 is pointing into the stack for thread: 0x000002aa737a8570
stack at sp + 4 slots: 0x4076900000000000 is an unknown value
stack at sp + 5 slots: 0x0 is null
stack at sp + 6 slots: 0x0 is null
stack at sp + 7 slots: 0x00007fffcf3aa365 k_means_cluster.dll

Lock stack of current Java thread (top to bottom):

native method entry point (kind = native)  [0x000002aa618dc960, 0x000002aa618dd528]  3016 bytes
[MachCode]
  0x000002aa618dc960: 488b 4b08 | 0fb7 492e | 584c 8d74 | ccf8 6800 | 0000 0068 | 0000 0000 | 5055 488b | ec41 5548 
  0x000002aa618dc980: 8b43 084c | 8d68 3848 | 8b40 0868 | 0000 0000 | 5348 8b50 | 1848 8b52 | 7048 8b12 | 5268 0000 
  0x000002aa618dc9a0: 0000 488b | 5010 5249 | 8bc6 482b | c548 c1e8 | 0350 6800 | 0000 0068 | f7ff ffff | 41c6 87f1 
  0x000002aa618dc9c0: 0400 0001 | 488b 4318 | 4885 c00f | 85b0 0000 | 00e8 0500 | 0000 e999 | 0000 0048 | 8bd3 488d 
  0x000002aa618dc9e0: 4424 084c | 896d c049 | 8bcf c5f8 | 7749 89af | 3804 0000 | 4989 8728 | 0400 0048 | 83ec 2040 
  0x000002aa618dca00: f6c4 0f0f | 8419 0000 | 0048 83ec | 0848 b840 | 1f6e 8cff | 7f00 00ff | d048 83c4 | 08e9 0c00 
  0x000002aa618dca20: 0000 48b8 | 401f 6e8c | ff7f 0000 | ffd0 4883 | c420 49c7 | 8728 0400 | 0000 0000 | 0049 c787 
  0x000002aa618dca40: 3804 0000 | 0000 0000 | 49c7 8730 | 0400 0000 | 0000 00c5 | f877 4983 | 7f08 000f | 8405 0000 
  0x000002aa618dca60: 00e9 7a47 | ffff 4c8b | 6dc0 4c8b | 75c8 4e8d | 74f5 00c3 | 488b 4318 | 4885 c00f | 8412 0000 
  0x000002aa618dca80: 008b 4808 | 83c1 0289 | 4808 2348 | 2c0f 84e4 | 0900 0049 | 3ba7 7005 | 0000 0f87 | 4800 0000 
  0x000002aa618dcaa0: 8984 2400 | f0ff ff89 | 8424 00e0 | ffff 8984 | 2400 d0ff | ff89 8424 | 00c0 ffff | 8984 2400 
  0x000002aa618dcac0: b0ff ff89 | 8424 00a0 | ffff 8984 | 2400 90ff | ff89 8424 | 0080 ffff | 493b a768 | 0500 0076 
  0x000002aa618dcae0: 0749 89a7 | 7005 0000 | 41c6 87f1 | 0400 0000 | 488b 5de8 | 4c8b 5b08 | 450f b75b | 2e41 c1e3 
  0x000002aa618dcb00: 0349 2be3 | 4883 ec20 | 4883 e4f0 | 4c8b 5b60 | 4d85 db0f | 85ab 0000 | 00e8 0500 | 0000 e999 
  0x000002aa618dcb20: 0000 0048 | 8bd3 488d | 4424 084c | 896d c049 | 8bcf c5f8 | 7749 89af | 3804 0000 | 4989 8728 
  0x000002aa618dcb40: 0400 0048 | 83ec 2040 | f6c4 0f0f | 8419 0000 | 0048 83ec | 0848 b870 | 486e 8cff | 7f00 00ff 
  0x000002aa618dcb60: d048 83c4 | 08e9 0c00 | 0000 48b8 | 7048 6e8c | ff7f 0000 | ffd0 4883 | c420 49c7 | 8728 0400 
  0x000002aa618dcb80: 0000 0000 | 0049 c787 | 3804 0000 | 0000 0000 | 49c7 8730 | 0400 0000 | 0000 00c5 | f877 4983 
  0x000002aa618dcba0: 7f08 000f | 8405 0000 | 00e9 3246 | ffff 4c8b | 6dc0 4c8b | 75c8 4e8d | 74f5 00c3 | 488b 5de8 
  0x000002aa618dcbc0: 4c8b 5b60 | 41ff d348 | 8b5d e848 | 8945 1844 | 0fb7 5b2c | 41f6 c308 | 0f84 1b00 | 0000 4c8b 
  0x000002aa618dcbe0: 5b08 4d8b | 5b08 4d8b | 5b18 4d8b | 5b70 4d8b | 1b4c 895d | 1048 8d55 | 1048 8b43 | 5849 baa0 
  0x000002aa618dcc00: 0fa9 8cff | 7f00 0049 | 3bc2 0f85 | ab00 0000 | e805 0000 | 00e9 9900 | 0000 488b | d348 8d44 
  0x000002aa618dcc20: 2408 4c89 | 6dc0 498b | cfc5 f877 | 4989 af38 | 0400 0049 | 8987 2804 | 0000 4883 | ec20 40f6 
  0x000002aa618dcc40: c40f 0f84 | 1900 0000 | 4883 ec08 | 48b8 7048 | 6e8c ff7f | 0000 ffd0 | 4883 c408 | e90c 0000 
  0x000002aa618dcc60: 0048 b870 | 486e 8cff | 7f00 00ff | d048 83c4 | 2049 c787 | 2804 0000 | 0000 0000 | 49c7 8738 
  0x000002aa618dcc80: 0400 0000 | 0000 0049 | c787 3004 | 0000 0000 | 0000 c5f8 | 7749 837f | 0800 0f84 | 0500 0000 
  0x000002aa618dcca0: e93b 45ff | ff4c 8b6d | c04c 8b75 | c84e 8d74 | f500 c348 | 8b5d e848 | 8b43 5849 | 8d8f 4804 
  0x000002aa618dccc0: 0000 4c8d | 15d5 0000 | 004d 8997 | 3004 0000 | c5f8 7749 | 89af 3804 | 0000 4989 | a728 0400 
  0x000002aa618dcce0: 0041 c787 | d404 0000 | 0400 0000 | 493b a7c8 | 0500 0076 | 0749 89a7 | c805 0000 | ffd0 493b 
  0x000002aa618dcd00: a7c8 0500 | 0072 0b49 | c787 c805 | 0000 0000 | 0000 c5f8 | 7748 83ec | 10c5 fb11 | 0424 4883 
  0x000002aa618dcd20: ec10 4889 | 0424 48c7 | 4424 0800 | 0000 0041 | c787 d404 | 0000 0500 | 0000 f083 | 4424 c000 
  0x000002aa618dcd40: 493b 6f28 | 0f87 0e00 | 0000 4183 | bfd0 0400 | 0000 0f84 | 2000 0000 | 498b cf4c | 8be4 4883 
  0x000002aa618dcd60: ec20 4883 | e4f0 48b8 | a0ac 6f8c | ff7f 0000 | ffd0 498b | e44d 33e4 | 41c7 87d4 | 0400 0008 
  0x000002aa618dcd80: 0000 004d | 8b97 f005 | 0000 4983 | fa00 7435 | 49c7 87f0 | 0500 0000 | 0000 0041 | ffe2 49ba 
  0x000002aa618dcda0: 80ba 8d61 | aa02 0000 | 41ff d248 | 83ec 10c5 | fb11 0424 | 4883 ec10 | 4889 0424 | 48c7 4424 
  0x000002aa618dcdc0: 0800 0000 | 0049 c787 | 2804 0000 | 0000 0000 | 49c7 8738 | 0400 0000 | 0000 0049 | c787 3004 
  0x000002aa618dcde0: 0000 0000 | 0000 c5f8 | 774d 8b9f | b804 0000 | 41c7 8300 | 0100 0000 | 0000 0049 | bbda a38d 
  0x000002aa618dce00: 61aa 0200 | 004c 3b5d | 180f 855b | 0200 0048 | 8b04 2448 | 83c4 1048 | 85c0 0f84 | 3502 0000 
  0x000002aa618dce20: a803 0f85 | 0800 0000 | 488b 00e9 | 2502 0000 | a801 0f85 | 0900 0000 | 488b 40fe | e914 0200 
  0x000002aa618dce40: 0048 8b40 | ff41 807f | 4800 0f84 | 0502 0000 | 4883 f800 | 0f84 fb01 | 0000 4d8b | 5f38 4d85 
  0x000002aa618dce60: db0f 8414 | 0000 0049 | 83eb 084d | 895f 384d | 035f 4049 | 8903 e9da | 0100 0048 | 81ec f000 
  0x000002aa618dce80: 0000 4889 | 0424 4889 | 4c24 0848 | 8954 2410 | 4c89 4424 | 184c 894c | 2420 4c89 | 5424 284c 
  0x000002aa618dcea0: 895c 2430 | c5fb 1144 | 2440 c5fb | 114c 2448 | c5fb 1154 | 2450 c5fb | 115c 2458 | c5fb 1164 
  0x000002aa618dcec0: 2460 c5fb | 116c 2468 | 62e1 ff08 | 1144 240e | 62e1 ff08 | 114c 240f | 62e1 ff08 | 1154 2410 
  0x000002aa618dcee0: 62e1 ff08 | 115c 2411 | 62e1 ff08 | 1164 2412 | 62e1 ff08 | 116c 2413 | 62e1 ff08 | 1174 2414 
  0x000002aa618dcf00: 62e1 ff08 | 117c 2415 | 6261 ff08 | 1144 2416 | 6261 ff08 | 114c 2417 | 6261 ff08 | 1154 2418 
  0x000002aa618dcf20: 6261 ff08 | 115c 2419 | 6261 ff08 | 1164 241a | 6261 ff08 | 116c 241b | 6261 ff08 | 1174 241c 
  0x000002aa618dcf40: 6261 ff08 | 117c 241d | 498b d748 | 8bc8 4883 | ec20 40f6 | c40f 0f84 | 1900 0000 | 4883 ec08 
  0x000002aa618dcf60: 48b8 2076 | 628c ff7f | 0000 ffd0 | 4883 c408 | e90c 0000 | 0048 b820 | 7662 8cff | 7f00 00ff 
  0x000002aa618dcf80: d048 83c4 | 2062 61ff | 0810 7c24 | 1d62 61ff | 0810 7424 | 1c62 61ff | 0810 6c24 | 1b62 61ff 
  0x000002aa618dcfa0: 0810 6424 | 1a62 61ff | 0810 5c24 | 1962 61ff | 0810 5424 | 1862 61ff | 0810 4c24 | 1762 61ff 
  0x000002aa618dcfc0: 0810 4424 | 1662 e1ff | 0810 7c24 | 1562 e1ff | 0810 7424 | 1462 e1ff | 0810 6c24 | 1362 e1ff 
  0x000002aa618dcfe0: 0810 6424 | 1262 e1ff | 0810 5c24 | 1162 e1ff | 0810 5424 | 1062 e1ff | 0810 4c24 | 0f62 e1ff 
  0x000002aa618dd000: 0810 4424 | 0ec5 fb10 | 6c24 68c5 | fb10 6424 | 60c5 fb10 | 5c24 58c5 | fb10 5424 | 50c5 fb10 
  0x000002aa618dd020: 4c24 48c5 | fb10 4424 | 404c 8b5c | 2430 4c8b | 5424 284c | 8b4c 2420 | 4c8b 4424 | 1848 8b54 
  0x000002aa618dd040: 2410 488b | 4c24 0848 | 8b04 2448 | 81c4 f000 | 0000 c5f8 | 7748 8945 | 1048 83ec | 1048 8904 
  0x000002aa618dd060: 2448 c744 | 2408 0000 | 0000 4183 | bf50 0500 | 0002 0f85 | bf00 0000 | 4881 ec80 | 0000 0048 
  0x000002aa618dd080: 8944 2478 | 4889 4c24 | 7048 8954 | 2468 4889 | 5c24 6048 | 896c 2450 | 4889 7424 | 4848 897c 
  0x000002aa618dd0a0: 2440 4c89 | 4424 384c | 894c 2430 | 4c89 5424 | 284c 895c | 2420 4c89 | 6424 184c | 896c 2410 
  0x000002aa618dd0c0: 4c89 7424 | 084c 893c | 244c 8be4 | 4883 ec20 | 4883 e4f0 | 48b8 10f7 | a88c ff7f | 0000 ffd0 
  0x000002aa618dd0e0: 498b e44c | 8b3c 244c | 8b74 2408 | 4c8b 6c24 | 104c 8b64 | 2418 4c8b | 5c24 204c | 8b54 2428 
  0x000002aa618dd100: 4c8b 4c24 | 304c 8b44 | 2438 488b | 7c24 4048 | 8b74 2448 | 488b 6c24 | 5048 8b5c | 2460 488b 
  0x000002aa618dd120: 5424 6848 | 8b4c 2470 | 488b 4424 | 7848 81c4 | 8000 0000 | 4d33 e448 | 8b5d e84c | 8b6b 084d 
  0x000002aa618dd140: 8d6d 3849 | 837f 0800 | 0f84 bb00 | 0000 e805 | 0000 00e9 | 9600 0000 | 488d 4424 | 084c 896d 
  0x000002aa618dd160: c049 8bcf | c5f8 7749 | 89af 3804 | 0000 4989 | 8728 0400 | 0048 83ec | 2040 f6c4 | 0f0f 8419 
  0x000002aa618dd180: 0000 0048 | 83ec 0848 | b8b0 666e | 8cff 7f00 | 00ff d048 | 83c4 08e9 | 0c00 0000 | 48b8 b066 
  0x000002aa618dd1a0: 6e8c ff7f | 0000 ffd0 | 4883 c420 | 49c7 8728 | 0400 0000 | 0000 0049 | c787 3804 | 0000 0000 
  0x000002aa618dd1c0: 0000 49c7 | 8730 0400 | 0000 0000 | 00c5 f877 | 4983 7f08 | 000f 8405 | 0000 00e9 | 0040 ffff 
  0x000002aa618dd1e0: 4c8b 6dc0 | 4c8b 75c8 | 4e8d 74f5 | 00c3 48b9 | 4808 d28c | ff7f 0000 | 4883 e4f0 | 48b8 008d 
  0x000002aa618dd200: 958c ff7f | 0000 ffd0 | f444 0fb7 | 5b2c 41f6 | c320 0f84 | 7201 0000 | 488d 55a8 | 4c8b 5a08 
  0x000002aa618dd220: 4d85 db0f | 85bb 0000 | 00e8 0500 | 0000 e996 | 0000 0048 | 8d44 2408 | 4c89 6dc0 | 498b cfc5 
  0x000002aa618dd240: f877 4989 | af38 0400 | 0049 8987 | 2804 0000 | 4883 ec20 | 40f6 c40f | 0f84 1900 | 0000 4883 
  0x000002aa618dd260: ec08 48b8 | e065 6e8c | ff7f 0000 | ffd0 4883 | c408 e90c | 0000 0048 | b8e0 656e | 8cff 7f00 
  0x000002aa618dd280: 00ff d048 | 83c4 2049 | c787 2804 | 0000 0000 | 0000 49c7 | 8738 0400 | 0000 0000 | 0049 c787 
  0x000002aa618dd2a0: 3004 0000 | 0000 0000 | c5f8 7749 | 837f 0800 | 0f84 0500 | 0000 e925 | 3fff ff4c | 8b6d c04c 
  0x000002aa618dd2c0: 8b75 c84e | 8d74 f500 | c348 b948 | 08d2 8cff | 7f00 0048 | 83e4 f048 | b800 8d95 | 8cff 7f00 
  0x000002aa618dd2e0: 00ff d0f4 | 4c89 6dc0 | 4c8b 4a08 | 48c7 4208 | 0000 0000 | 458b 87d8 | 0600 004f | 3b4c 07f8 
  0x000002aa618dd300: 0f85 4200 | 0000 4183 | afd8 0600 | 0008 4f3b | 4c07 f00f | 842a 0000 | 0049 8b01 | a802 0f85 
  0x000002aa618dd320: 1200 0000 | 4c8b c049 | 83c8 01f0 | 4d0f b101 | 0f84 0d00 | 0000 4183 | 87d8 0600 | 0008 e905 
  0x000002aa618dd340: 0000 00e9 | 3e00 0000 | 4c89 4a08 | 488b ca48 | 83ec 2040 | f6c4 0f0f | 8419 0000 | 0048 83ec 
  0x000002aa618dd360: 0848 b830 | 386e 8cff | 7f00 00ff | d048 83c4 | 08e9 0c00 | 0000 48b8 | 3038 6e8c | ff7f 0000 
  0x000002aa618dd380: ffd0 4883 | c420 4c8b | 6dc0 41c6 | 8796 0300 | 0001 493b | 6f28 0f87 | 0500 0000 | e9ab 0000 
  0x000002aa618dd3a0: 0048 83ec | 10c5 fb11 | 0424 4883 | ec10 4889 | 0424 48c7 | 4424 0800 | 0000 00c5 | f877 4989 
  0x000002aa618dd3c0: af38 0400 | 0049 babb | d38d 61aa | 0200 004d | 8997 3004 | 0000 4989 | a728 0400 | 0049 8bcf 
  0x000002aa618dd3e0: 4883 ec20 | 40f6 c40f | 0f84 1900 | 0000 4883 | ec08 48b8 | d01e 6e8c | ff7f 0000 | ffd0 4883 
  0x000002aa618dd400: c408 e90c | 0000 0048 | b8d0 1e6e | 8cff 7f00 | 00ff d048 | 83c4 2049 | c787 2804 | 0000 0000 
  0x000002aa618dd420: 0000 49c7 | 8738 0400 | 0000 0000 | 0049 c787 | 3004 0000 | 0000 0000 | c5f8 7748 | 8b04 2448 
  0x000002aa618dd440: 83c4 10c5 | fb10 0424 | 4883 c410 | 488b 0424 | 4883 c410 | c5fb 1004 | 2448 83c4 | 104c 8b5d 
  0x000002aa618dd460: 1841 ffd3 | 4c8b 5df8 | c941 c687 | 9603 0000 | 005f 498b | e3ff e7ba | 0000 0000 | e805 0000 
  0x000002aa618dd480: 00e9 9600 | 0000 488d | 4424 084c | 896d c049 | 8bcf c5f8 | 7749 89af | 3804 0000 | 4989 8728 
  0x000002aa618dd4a0: 0400 0048 | 83ec 2040 | f6c4 0f0f | 8419 0000 | 0048 83ec | 0848 b820 | 2e6e 8cff | 7f00 00ff 
  0x000002aa618dd4c0: d048 83c4 | 08e9 0c00 | 0000 48b8 | 202e 6e8c | ff7f 0000 | ffd0 4883 | c420 49c7 | 8728 0400 
  0x000002aa618dd4e0: 0000 0000 | 0049 c787 | 3804 0000 | 0000 0000 | 49c7 8730 | 0400 0000 | 0000 00c5 | f877 4983 
  0x000002aa618dd500: 7f08 000f | 8405 0000 | 00e9 d23c | ffff 4c8b | 6dc0 4c8b | 75c8 4e8d | 74f5 00c3 | 488b 5de8 
  0x000002aa618dd520: e96e f5ff | ff66 6690 
[/MachCode]

Compiled method (c1) 5259 4857   !   1       jdk.internal.reflect.DirectMethodHandleAccessor::invoke (92 bytes)
 total in heap  [0x000002aa62227a08,0x000002aa62228628] = 3104
 main code      [0x000002aa62227b00,0x000002aa62228508] = 2568
 stub code      [0x000002aa62228508,0x000002aa62228618] = 272
 oops           [0x000002aa62228618,0x000002aa62228628] = 16
 mutable data [0x000002aa7351f690,0x000002aa7351f900] = 624
 relocation     [0x000002aa7351f690,0x000002aa7351f890] = 512
 metadata       [0x000002aa7351f890,0x000002aa7351f900] = 112
 immutable data [0x000002aa73712450,0x000002aa737132e0] = 3728
 dependencies   [0x000002aa73712450,0x000002aa73712470] = 32
 nul chk table  [0x000002aa73712470,0x000002aa73712510] = 160
 handler table  [0x000002aa73712510,0x000002aa73712c30] = 1824
 scopes pcs     [0x000002aa73712c30,0x000002aa73712fd0] = 928
 scopes data    [0x000002aa73712fd0,0x000002aa737132e0] = 784

[Constant Pool (empty)]

[MachCode]
[Instructions begin]
  0x000002aa62227b00: 660f 1f84 | 0000 0000 | 0066 0f1f | 8400 0000 | 0000 448b | 5208 443b 

  0x000002aa62227b18: ;   {runtime_call Shared Runtime ic_miss_blob}
  0x000002aa62227b18: 5008 0f85 | c071 6fff 
[Verified Entry Point]
  0x000002aa62227b20: 8984 2400 | 80ff ff55 | 4881 ec60 | 0100 0090 | 4181 7f20 | 0500 0000 

  0x000002aa62227b38: ;   {runtime_call Stub::method_entry_barrier}
  0x000002aa62227b38: 7405 e8a1 | ea6d ff48 | 8994 24b0 | 0000 004c | 8984 24c0 | 0000 004c | 898c 24b8 | 0000 008b 
  0x000002aa62227b58: 7210 81e6 | 0002 0000 | 81fe 0002 | 0000 be00 | 0000 0075 | 05be 0100 | 0000 83e6 | 0185 f60f 
  0x000002aa62227b78: 8527 0000 | 0049 8bf0 | 4c8b c648 | 8bfa 488b | d766 0f1f 

  0x000002aa62227b8c: ;   {optimized virtual_call}
  0x000002aa62227b8c: 4400 00e8 

  0x000002aa62227b90: ; ImmutableOopMap {[176]=Oop [184]=Oop [192]=Oop }
                      ;*invokevirtual checkReceiver {reexecute=0 rethrow=0 return_oop=0}
                      ; - jdk.internal.reflect.DirectMethodHandleAccessor::invoke@9 (line 100)
  0x000002aa62227b90: 0cdf 0400 

  0x000002aa62227b94: ;   {post_call_nop}
  0x000002aa62227b94: 0f1f 8400 | 8c01 0000 | 488b 9424 | b000 0000 | 448b 420c | 498b d04c | 8b84 24b8 | 0000 000f 
  0x000002aa62227bb4: ;   {static_call}
  0x000002aa62227bb4: 1f40 00e8 

  0x000002aa62227bb8: ; ImmutableOopMap {[176]=Oop [184]=Oop [192]=Oop }
                      ;*invokestatic checkArgumentCount {reexecute=0 rethrow=0 return_oop=0}
                      ; - jdk.internal.reflect.DirectMethodHandleAccessor::invoke@17 (line 102)
  0x000002aa62227bb8: c4e8 ffff 

  0x000002aa62227bbc: ;   {post_call_nop}
  0x000002aa62227bbc: 0f1f 8400 | b401 0001 | 488b 9424 | b000 0000 | 8b72 0c85 | f60f 841a | 0200 0083 | fe01 0f84 
  0x000002aa62227bdc: 9901 0000 | 83fe 020f | 8400 0100 | 0083 fe03 | 0f84 5700 | 0000 8b72 | 1848 c1e6 | 0348 89b4 
  0x000002aa62227bfc: 24c8 0000 | 008b 7e10 | 48c1 e703 

  0x000002aa62227c08: ;   {oop(a 'java/lang/invoke/MethodType'{0x000000070c98d7a0} = (Ljava/lang/Object;[Ljava/lang/Object;)Ljava/lang/Object;)}
  0x000002aa62227c08: 48bb a0d7 | 980c 0700 | 0000 483b | fb0f 8514 | 0400 008b | 7e14 48c1 | e703 8b7f | 1c48 c1e7 
  0x000002aa62227c28: 0348 85ff | 0f85 0503 | 0000 488b 

  0x000002aa62227c34: ;   {static_call}
  0x000002aa62227c34: d666 90e8 

  0x000002aa62227c38: ; ImmutableOopMap {[176]=Oop [184]=Oop [192]=Oop [200]=Oop }
                      ;*invokestatic maybeCustomize {reexecute=0 rethrow=0 return_oop=0}
                      ; - java.lang.invoke.Invokers::checkCustomized@19 (line 626)
                      ; - java.lang.invoke.Invokers$Holder::invokeExact_MT@14
                      ; - jdk.internal.reflect.DirectMethodHandleAccessor::invokeImpl@104 (line 158)
                      ; - jdk.internal.reflect.DirectMethodHandleAccessor::invoke@23 (line 104)
  0x000002aa62227c38: 443a bbff 

  0x000002aa62227c3c: ;   {post_call_nop}
  0x000002aa62227c3c: 0f1f 8400 | 3402 0002 | e9ee 0200 | 004c 8b8c | 24b8 0000 | 008b 7218 | 48c1 e603 | 4889 b424 
  0x000002aa62227c5c: e800 0000 

  0x000002aa62227c60: ; implicit exception: dispatches to 0x000002aa622283bb
  0x000002aa62227c60: 418b 790c | bb02 0000 | 003b df0f | 8d4f 0700 | 0041 8b79 | 1048 c1e7 | 0348 89bc | 24d0 0000 
  0x000002aa62227c80: 0041 8b59 | 1448 c1e3 | 0348 899c | 24d8 0000 | 0041 8b41 | 1848 c1e0 | 0348 8984 | 24e0 0000 
  0x000002aa62227ca0: 008b 4e10 | 48c1 e103 

  0x000002aa62227ca8: ;   {oop(a 'java/lang/invoke/MethodType'{0x000000070bc43758} = (Ljava/lang/Object;Ljava/lang/Object;Ljava/lang/Object;Ljava/lang/Object;)Ljava/lang/Object;)}
  0x000002aa62227ca8: 49b8 5837 | c40b 0700 | 0000 493b | c80f 8544 | 0300 008b | 4e14 48c1 | e103 8b49 | 1c48 c1e1 
  0x000002aa62227cc8: 0348 85c9 | 0f85 1d02 | 0000 488b 

  0x000002aa62227cd4: ;   {static_call}
  0x000002aa62227cd4: d666 90e8 

  0x000002aa62227cd8: ; ImmutableOopMap {[176]=Oop [192]=Oop [208]=Oop [216]=Oop [224]=Oop [232]=Oop }
                      ;*invokestatic maybeCustomize {reexecute=0 rethrow=0 return_oop=0}
                      ; - java.lang.invoke.Invokers::checkCustomized@19 (line 626)
                      ; - java.lang.invoke.LambdaForm$MH/0x000000001808a400::invokeExact_MT@15
                      ; - jdk.internal.reflect.DirectMethodHandleAccessor::invokeImpl@92 (line 157)
                      ; - jdk.internal.reflect.DirectMethodHandleAccessor::invoke@23 (line 104)
  0x000002aa62227cd8: a439 bbff 

  0x000002aa62227cdc: ;   {post_call_nop}
  0x000002aa62227cdc: 0f1f 8400 | d402 0003 | e906 0200 | 004c 8b8c | 24b8 0000 | 008b 7218 | 48c1 e603 | 4889 b424 
  0x000002aa62227cfc: 0001 0000 

  0x000002aa62227d00: ; implicit exception: dispatches to 0x000002aa622283cf
  0x000002aa62227d00: 418b 790c | bb01 0000 | 003b df0f | 8dc3 0600 | 0041 8b79 | 1048 c1e7 | 0348 89bc | 24f0 0000 
  0x000002aa62227d20: 0041 8b59 | 1448 c1e3 | 0348 899c | 24f8 0000 | 008b 4610 | 48c1 e003 

  0x000002aa62227d38: ;   {oop(a 'java/lang/invoke/MethodType'{0x000000070bc43548} = (Ljava/lang/Object;Ljava/lang/Object;Ljava/lang/Object;)Ljava/lang/Object;)}
  0x000002aa62227d38: 48b9 4835 | c40b 0700 | 0000 483b | c10f 8584 | 0200 008b | 4614 48c1 | e003 8b40 | 1c48 c1e0 
  0x000002aa62227d58: 0348 85c0 | 0f85 4d01 | 0000 488b 

  0x000002aa62227d64: ;   {static_call}
  0x000002aa62227d64: d666 90e8 

  0x000002aa62227d68: ; ImmutableOopMap {[176]=Oop [192]=Oop [240]=Oop [248]=Oop [256]=Oop }
                      ;*invokestatic maybeCustomize {reexecute=0 rethrow=0 return_oop=0}
                      ; - java.lang.invoke.Invokers::checkCustomized@19 (line 626)
                      ; - java.lang.invoke.LambdaForm$MH/0x0000000018042c00::invokeExact_MT@15
                      ; - jdk.internal.reflect.DirectMethodHandleAccessor::invokeImpl@72 (line 156)
                      ; - jdk.internal.reflect.DirectMethodHandleAccessor::invoke@23 (line 104)
  0x000002aa62227d68: 1439 bbff 

  0x000002aa62227d6c: ;   {post_call_nop}
  0x000002aa62227d6c: 0f1f 8400 | 6403 0004 | e936 0100 | 004c 8b8c | 24b8 0000 | 008b 7218 | 48c1 e603 | 4889 b424 
  0x000002aa62227d8c: 1001 0000 

  0x000002aa62227d90: ; implicit exception: dispatches to 0x000002aa622283e3
  0x000002aa62227d90: 4183 790c | 000f 8652 | 0600 0041 | 8b79 1048 | c1e7 0348 | 89bc 2408 | 0100 008b | 5e10 48c1 
  0x000002aa62227db0: ;   {oop(a 'java/lang/invoke/MethodType'{0x000000070bc43340} = (Ljava/lang/Object;Ljava/lang/Object;)Ljava/lang/Object;)}
  0x000002aa62227db0: e303 48b8 | 4033 c40b | 0700 0000 | 483b d80f | 85da 0100 | 008b 5e14 | 48c1 e303 

  0x000002aa62227dcc: ; implicit exception: dispatches to 0x000002aa62228404
  0x000002aa62227dcc: 8b5b 1c48 | c1e3 0348 | 85db 0f85 | 9b00 0000 

  0x000002aa62227ddc: ;   {static_call}
  0x000002aa62227ddc: 488b d6e8 

  0x000002aa62227de0: ; ImmutableOopMap {[176]=Oop [192]=Oop [264]=Oop [272]=Oop }
                      ;*invokestatic maybeCustomize {reexecute=0 rethrow=0 return_oop=0}
                      ; - java.lang.invoke.Invokers::checkCustomized@19 (line 626)
                      ; - java.lang.invoke.Invokers$Holder::invokeExact_MT@14
                      ; - jdk.internal.reflect.DirectMethodHandleAccessor::invokeImpl@55 (line 155)
                      ; - jdk.internal.reflect.DirectMethodHandleAccessor::invoke@23 (line 104)
  0x000002aa62227de0: 9c38 bbff 

  0x000002aa62227de4: ;   {post_call_nop}
  0x000002aa62227de4: 0f1f 8400 | dc03 0005 | e986 0000 | 008b 7218 | 48c1 e603 | 4889 b424 | 1801 0000 

  0x000002aa62227e00: ; implicit exception: dispatches to 0x000002aa62228409
  0x000002aa62227e00: 8b7e 1048 

  0x000002aa62227e04: ;   {oop(a 'java/lang/invoke/MethodType'{0x000000070bc43140} = (Ljava/lang/Object;)Ljava/lang/Object;)}
  0x000002aa62227e04: c1e7 0348 | bb40 31c4 | 0b07 0000 | 0048 3bfb | 0f85 5501 | 0000 8b7e | 1448 c1e7 | 038b 7f1c 
  0x000002aa62227e24: 48c1 e703 | 4885 ff0f | 8513 0000 | 0048 8bd6 

  0x000002aa62227e34: ;   {static_call}
  0x000002aa62227e34: 6666 90e8 

  0x000002aa62227e38: ; ImmutableOopMap {[176]=Oop [192]=Oop [280]=Oop }
                      ;*invokestatic maybeCustomize {reexecute=0 rethrow=0 return_oop=0}
                      ; - java.lang.invoke.Invokers::checkCustomized@19 (line 626)
                      ; - java.lang.invoke.Invokers$Holder::invokeExact_MT@14
                      ; - jdk.internal.reflect.DirectMethodHandleAccessor::invokeImpl@41 (line 154)
                      ; - jdk.internal.reflect.DirectMethodHandleAccessor::invoke@23 (line 104)
  0x000002aa62227e38: 4438 bbff 

  0x000002aa62227e3c: ;   {post_call_nop}
  0x000002aa62227e3c: 0f1f 8400 | 3404 0006 | 4c8b 8424 | c000 0000 | 488b 9424 | 1801 0000 

  0x000002aa62227e54: ;   {optimized virtual_call}
  0x000002aa62227e54: 6666 90e8 

  0x000002aa62227e58: ; ImmutableOopMap {[176]=Oop }
                      ;*invokevirtual invokeBasic {reexecute=0 rethrow=0 return_oop=0}
                      ; - java.lang.invoke.Invokers$Holder::invokeExact_MT@19
                      ; - jdk.internal.reflect.DirectMethodHandleAccessor::invokeImpl@41 (line 154)
                      ; - jdk.internal.reflect.DirectMethodHandleAccessor::invoke@23 (line 104)
  0x000002aa62227e58: 241b 87ff 

  0x000002aa62227e5c: ;   {post_call_nop}
  0x000002aa62227e5c: 0f1f 8400 | 5404 0007 | 4881 c460 | 0100 005d 

  0x000002aa62227e6c: ;   {poll_return}
  0x000002aa62227e6c: 493b 6728 | 0f87 9d05 | 0000 c34c | 8b84 24c0 | 0000 004c | 8b8c 2408 | 0100 0048 | 8b94 2410 
  0x000002aa62227e8c: ;   {optimized virtual_call}
  0x000002aa62227e8c: 0100 00e8 

  0x000002aa62227e90: ; ImmutableOopMap {[176]=Oop }
                      ;*invokevirtual invokeBasic {reexecute=0 rethrow=0 return_oop=0}
                      ; - java.lang.invoke.Invokers$Holder::invokeExact_MT@20
                      ; - jdk.internal.reflect.DirectMethodHandleAccessor::invokeImpl@55 (line 155)
                      ; - jdk.internal.reflect.DirectMethodHandleAccessor::invoke@23 (line 104)
  0x000002aa62227e90: 6cac b2ff 

  0x000002aa62227e94: ;   {post_call_nop}
  0x000002aa62227e94: 0f1f 8400 | 8c04 0008 | 4881 c460 | 0100 005d 

  0x000002aa62227ea4: ;   {poll_return}
  0x000002aa62227ea4: 493b 6728 | 0f87 7b05 | 0000 c34c | 8b84 24c0 | 0000 004c | 8b8c 24f0 | 0000 0048 | 8bbc 24f8 
  0x000002aa62227ec4: 0000 0048 | 8b94 2400 

  0x000002aa62227ecc: ;   {optimized virtual_call}
  0x000002aa62227ecc: 0100 00e8 

  0x000002aa62227ed0: ; ImmutableOopMap {[176]=Oop }
                      ;*invokevirtual invokeBasic {reexecute=0 rethrow=0 return_oop=0}
                      ; - java.lang.invoke.LambdaForm$MH/0x0000000018042c00::invokeExact_MT@22
                      ; - jdk.internal.reflect.DirectMethodHandleAccessor::invokeImpl@72 (line 156)
                      ; - jdk.internal.reflect.DirectMethodHandleAccessor::invoke@23 (line 104)
  0x000002aa62227ed0: ac5a b3ff 

  0x000002aa62227ed4: ;   {post_call_nop}
  0x000002aa62227ed4: 0f1f 8400 | cc04 0009 | 4881 c460 | 0100 005d 

  0x000002aa62227ee4: ;   {poll_return}
  0x000002aa62227ee4: 493b 6728 | 0f87 5105 | 0000 c34c | 8b84 24c0 | 0000 004c | 8b8c 24d0 | 0000 0048 | 8bbc 24d8 
  0x000002aa62227f04: 0000 0048 | 8bb4 24e0 | 0000 0048 | 8b94 24e8 

  0x000002aa62227f14: ;   {optimized virtual_call}
  0x000002aa62227f14: 0000 00e8 

  0x000002aa62227f18: ; ImmutableOopMap {[176]=Oop }
                      ;*invokevirtual invokeBasic {reexecute=0 rethrow=0 return_oop=0}
                      ; - java.lang.invoke.LambdaForm$MH/0x000000001808a400::invokeExact_MT@24
                      ; - jdk.internal.reflect.DirectMethodHandleAccessor::invokeImpl@92 (line 157)
                      ; - jdk.internal.reflect.DirectMethodHandleAccessor::invoke@23 (line 104)
  0x000002aa62227f18: 64fc 95ff 

  0x000002aa62227f1c: ;   {post_call_nop}
  0x000002aa62227f1c: 0f1f 8400 | 1405 000a | 4881 c460 | 0100 005d 

  0x000002aa62227f2c: ;   {poll_return}
  0x000002aa62227f2c: 493b 6728 | 0f87 1f05 | 0000 c34c | 8b8c 24b8 | 0000 004c | 8b84 24c0 | 0000 0048 | 8b94 24c8 
  0x000002aa62227f4c: ;   {optimized virtual_call}
  0x000002aa62227f4c: 0000 00e8 

  0x000002aa62227f50: ; ImmutableOopMap {[176]=Oop }
                      ;*invokevirtual invokeBasic {reexecute=0 rethrow=0 return_oop=0}
                      ; - java.lang.invoke.Invokers$Holder::invokeExact_MT@20
                      ; - jdk.internal.reflect.DirectMethodHandleAccessor::invokeImpl@104 (line 158)
                      ; - jdk.internal.reflect.DirectMethodHandleAccessor::invoke@23 (line 104)
  0x000002aa62227f50: acab b2ff 

  0x000002aa62227f54: ;   {post_call_nop}
  0x000002aa62227f54: 0f1f 8400 | 4c05 000b | 4881 c460 | 0100 005d 

  0x000002aa62227f64: ;   {poll_return}
  0x000002aa62227f64: 493b 6728 | 0f87 fd04 

  0x000002aa62227f6c: ;   {oop(a 'java/lang/invoke/MethodType'{0x000000070bc43140} = (Ljava/lang/Object;)Ljava/lang/Object;)}
  0x000002aa62227f6c: 0000 c349 | b840 31c4 | 0b07 0000 | 0048 8bd7 

  0x000002aa62227f7c: ;   {static_call}
  0x000002aa62227f7c: 6666 90e8 

  0x000002aa62227f80: ; ImmutableOopMap {[176]=Oop [192]=Oop [280]=Oop }
                      ;*invokestatic newWrongMethodTypeException {reexecute=0 rethrow=0 return_oop=0}
                      ; - java.lang.invoke.Invokers::checkExactType@12 (line 531)
                      ; - java.lang.invoke.Invokers$Holder::invokeExact_MT@10
                      ; - jdk.internal.reflect.DirectMethodHandleAccessor::invokeImpl@41 (line 154)
                      ; - jdk.internal.reflect.DirectMethodHandleAccessor::invoke@23 (line 104)
  0x000002aa62227f80: 5c7c 6fff 

  0x000002aa62227f84: ;   {post_call_nop}
  0x000002aa62227f84: 0f1f 8400 | 7c05 000c 

  0x000002aa62227f8c: ; implicit exception: dispatches to 0x000002aa62228481
                      ; ImmutableOopMap {rax=Oop [176]=Oop [192]=Oop [280]=Oop }
                      ;*athrow {reexecute=1 rethrow=0 return_oop=0}
                      ; - (reexecute) java.lang.invoke.Invokers::checkExactType@15 (line 531)
                      ; - java.lang.invoke.Invokers$Holder::invokeExact_MT@10
                      ; - jdk.internal.reflect.DirectMethodHandleAccessor::invokeImpl@41 (line 154)
                      ; - jdk.internal.reflect.DirectMethodHandleAccessor::invoke@23 (line 104)
                      ;   {section_word}
  0x000002aa62227f8c: 483b 0048 | ba8f 7f22 | 62aa 0200 

  0x000002aa62227f98: ;   {runtime_call C1 Runtime handle_exception_nofpu_blob}
  0x000002aa62227f98: 00e8 425d 

  0x000002aa62227f9c: ;   {oop(a 'java/lang/invoke/MethodType'{0x000000070bc43340} = (Ljava/lang/Object;Ljava/lang/Object;)Ljava/lang/Object;)}
  0x000002aa62227f9c: 7bff 9049 | b840 33c4 | 0b07 0000 | 0048 8bd3 

  0x000002aa62227fac: ;   {static_call}
  0x000002aa62227fac: 6666 90e8 

  0x000002aa62227fb0: ; ImmutableOopMap {[176]=Oop [192]=Oop [264]=Oop [272]=Oop }
                      ;*invokestatic newWrongMethodTypeException {reexecute=0 rethrow=0 return_oop=0}
                      ; - java.lang.invoke.Invokers::checkExactType@12 (line 531)
                      ; - java.lang.invoke.Invokers$Holder::invokeExact_MT@10
                      ; - jdk.internal.reflect.DirectMethodHandleAccessor::invokeImpl@55 (line 155)
                      ; - jdk.internal.reflect.DirectMethodHandleAccessor::invoke@23 (line 104)
  0x000002aa62227fb0: 2c7c 6fff 

  0x000002aa62227fb4: ;   {post_call_nop}
  0x000002aa62227fb4: 0f1f 8400 | ac05 000e 

  0x000002aa62227fbc: ; implicit exception: dispatches to 0x000002aa62228486
                      ; ImmutableOopMap {rax=Oop [176]=Oop [192]=Oop [264]=Oop [272]=Oop }
                      ;*athrow {reexecute=1 rethrow=0 return_oop=0}
                      ; - (reexecute) java.lang.invoke.Invokers::checkExactType@15 (line 531)
                      ; - java.lang.invoke.Invokers$Holder::invokeExact_MT@10
                      ; - jdk.internal.reflect.DirectMethodHandleAccessor::invokeImpl@55 (line 155)
                      ; - jdk.internal.reflect.DirectMethodHandleAccessor::invoke@23 (line 104)
                      ;   {section_word}
  0x000002aa62227fbc: 483b 0048 | babf 7f22 | 62aa 0200 

  0x000002aa62227fc8: ;   {runtime_call C1 Runtime handle_exception_nofpu_blob}
  0x000002aa62227fc8: 00e8 125d 

  0x000002aa62227fcc: ;   {oop(a 'java/lang/invoke/MethodType'{0x000000070bc43548} = (Ljava/lang/Object;Ljava/lang/Object;Ljava/lang/Object;)Ljava/lang/Object;)}
  0x000002aa62227fcc: 7bff 9049 | b848 35c4 | 0b07 0000 | 0048 8bd0 

  0x000002aa62227fdc: ;   {static_call}
  0x000002aa62227fdc: 6666 90e8 

  0x000002aa62227fe0: ; ImmutableOopMap {[176]=Oop [192]=Oop [240]=Oop [248]=Oop [256]=Oop }
                      ;*invokestatic newWrongMethodTypeException {reexecute=0 rethrow=0 return_oop=0}
                      ; - java.lang.invoke.Invokers::checkExactType@12 (line 531)
                      ; - java.lang.invoke.LambdaForm$MH/0x0000000018042c00::invokeExact_MT@11
                      ; - jdk.internal.reflect.DirectMethodHandleAccessor::invokeImpl@72 (line 156)
                      ; - jdk.internal.reflect.DirectMethodHandleAccessor::invoke@23 (line 104)
  0x000002aa62227fe0: fc7b 6fff 

  0x000002aa62227fe4: ;   {post_call_nop}
  0x000002aa62227fe4: 0f1f 8400 | dc05 0010 

  0x000002aa62227fec: ; implicit exception: dispatches to 0x000002aa6222848b
                      ; ImmutableOopMap {rax=Oop [176]=Oop [192]=Oop [240]=Oop [248]=Oop [256]=Oop }
                      ;*athrow {reexecute=1 rethrow=0 return_oop=0}
                      ; - (reexecute) java.lang.invoke.Invokers::checkExactType@15 (line 531)
                      ; - java.lang.invoke.LambdaForm$MH/0x0000000018042c00::invokeExact_MT@11
                      ; - jdk.internal.reflect.DirectMethodHandleAccessor::invokeImpl@72 (line 156)
                      ; - jdk.internal.reflect.DirectMethodHandleAccessor::invoke@23 (line 104)
                      ;   {section_word}
  0x000002aa62227fec: 483b 0048 | baef 7f22 | 62aa 0200 

  0x000002aa62227ff8: ;   {runtime_call C1 Runtime handle_exception_nofpu_blob}
  0x000002aa62227ff8: 00e8 e25c 

  0x000002aa62227ffc: ;   {oop(a 'java/lang/invoke/MethodType'{0x000000070bc43758} = (Ljava/lang/Object;Ljava/lang/Object;Ljava/lang/Object;Ljava/lang/Object;)Ljava/lang/Object;)}
  0x000002aa62227ffc: 7bff 9049 | b858 37c4 | 0b07 0000 | 0048 8bd1 

  0x000002aa6222800c: ;   {static_call}
  0x000002aa6222800c: 6666 90e8 

  0x000002aa62228010: ; ImmutableOopMap {[176]=Oop [192]=Oop [208]=Oop [216]=Oop [224]=Oop [232]=Oop }
                      ;*invokestatic newWrongMethodTypeException {reexecute=0 rethrow=0 return_oop=0}
                      ; - java.lang.invoke.Invokers::checkExactType@12 (line 531)
                      ; - java.lang.invoke.LambdaForm$MH/0x000000001808a400::invokeExact_MT@11
                      ; - jdk.internal.reflect.DirectMethodHandleAccessor::invokeImpl@92 (line 157)
                      ; - jdk.internal.reflect.DirectMethodHandleAccessor::invoke@23 (line 104)
  0x000002aa62228010: cc7b 6fff 

  0x000002aa62228014: ;   {post_call_nop}
  0x000002aa62228014: 0f1f 8400 | 0c06 0012 

  0x000002aa6222801c: ; implicit exception: dispatches to 0x000002aa62228490
                      ; ImmutableOopMap {rax=Oop [176]=Oop [192]=Oop [208]=Oop [216]=Oop [224]=Oop [232]=Oop }
                      ;*athrow {reexecute=1 rethrow=0 return_oop=0}
                      ; - (reexecute) java.lang.invoke.Invokers::checkExactType@15 (line 531)
                      ; - java.lang.invoke.LambdaForm$MH/0x000000001808a400::invokeExact_MT@11
                      ; - jdk.internal.reflect.DirectMethodHandleAccessor::invokeImpl@92 (line 157)
                      ; - jdk.internal.reflect.DirectMethodHandleAccessor::invoke@23 (line 104)
                      ;   {section_word}
  0x000002aa6222801c: 483b 0048 | ba1f 8022 | 62aa 0200 

  0x000002aa62228028: ;   {runtime_call C1 Runtime handle_exception_nofpu_blob}
  0x000002aa62228028: 00e8 b25c 

  0x000002aa6222802c: ;   {oop(a 'java/lang/invoke/MethodType'{0x000000070c98d7a0} = (Ljava/lang/Object;[Ljava/lang/Object;)Ljava/lang/Object;)}
  0x000002aa6222802c: 7bff 9048 | bba0 d798 | 0c07 0000 | 0048 8bd7 

  0x000002aa6222803c: ;   {static_call}
  0x000002aa6222803c: 4c8b c3e8 

  0x000002aa62228040: ; ImmutableOopMap {[176]=Oop [184]=Oop [192]=Oop [200]=Oop }
                      ;*invokestatic newWrongMethodTypeException {reexecute=0 rethrow=0 return_oop=0}
                      ; - java.lang.invoke.Invokers::checkExactType@12 (line 531)
                      ; - java.lang.invoke.Invokers$Holder::invokeExact_MT@10
                      ; - jdk.internal.reflect.DirectMethodHandleAccessor::invokeImpl@104 (line 158)
                      ; - jdk.internal.reflect.DirectMethodHandleAccessor::invoke@23 (line 104)
  0x000002aa62228040: 9c7b 6fff 

  0x000002aa62228044: ;   {post_call_nop}
  0x000002aa62228044: 0f1f 8400 | 3c06 0014 

  0x000002aa6222804c: ; implicit exception: dispatches to 0x000002aa62228495
                      ; ImmutableOopMap {rax=Oop [176]=Oop [184]=Oop [192]=Oop [200]=Oop }
                      ;*athrow {reexecute=1 rethrow=0 return_oop=0}
                      ; - (reexecute) java.lang.invoke.Invokers::checkExactType@15 (line 531)
                      ; - java.lang.invoke.Invokers$Holder::invokeExact_MT@10
                      ; - jdk.internal.reflect.DirectMethodHandleAccessor::invokeImpl@104 (line 158)
                      ; - jdk.internal.reflect.DirectMethodHandleAccessor::invoke@23 (line 104)
                      ;   {section_word}
  0x000002aa6222804c: 483b 0048 | ba4f 8022 | 62aa 0200 

  0x000002aa62228058: ;   {runtime_call C1 Runtime handle_exception_nofpu_blob}
  0x000002aa62228058: 00e8 825c | 7bff 9049 | 8b87 8805 | 0000 4d33 | d24d 8997 | 8805 0000 | 4d33 d24d | 8997 9005 
  0x000002aa62228078: ;   {oop(a 'java/lang/Class'{0x000000070c691bf8} = 'jdk/internal/reflect/DirectMethodHandleAccessor')}
  0x000002aa62228078: 0000 48ba | f81b 690c | 0700 0000 | 4c8b c048 | 8984 2420 

  0x000002aa6222808c: ;   {static_call}
  0x000002aa6222808c: 0100 00e8 

  0x000002aa62228090: ; ImmutableOopMap {[288]=Oop }
                      ;*invokestatic isIllegalArgument {reexecute=0 rethrow=0 return_oop=0}
                      ; - jdk.internal.reflect.DirectMethodHandleAccessor::isIllegalArgument@3 (line 192)
                      ; - jdk.internal.reflect.DirectMethodHandleAccessor::invoke@58 (line 113)
  0x000002aa62228090: 4c7b 6fff 

  0x000002aa62228094: ;   {post_call_nop}
  0x000002aa62228094: 0f1f 8400 | 8c06 0016 | 83e0 0185 | c00f 84ea | 0100 00e9 | 5d01 0000 | 498b 8788 | 0500 004d 
  0x000002aa622280b4: 33d2 4d89 | 9788 0500 | 004d 33d2 | 4d89 9790 

  0x000002aa622280c4: ;   {oop(a 'java/lang/Class'{0x000000070c691bf8} = 'jdk/internal/reflect/DirectMethodHandleAccessor')}
  0x000002aa622280c4: 0500 0048 | baf8 1b69 | 0c07 0000 | 004c 8bc0 | 4889 8424 | 2801 0000 

  0x000002aa622280dc: ;   {static_call}
  0x000002aa622280dc: 6666 90e8 

  0x000002aa622280e0: ; ImmutableOopMap {[296]=Oop }
                      ;*invokestatic isIllegalArgument {reexecute=0 rethrow=0 return_oop=0}
                      ; - jdk.internal.reflect.DirectMethodHandleAccessor::isIllegalArgument@3 (line 192)
                      ; - jdk.internal.reflect.DirectMethodHandleAccessor::invoke@30 (line 106)
  0x000002aa622280e0: fc7a 6fff 

  0x000002aa622280e4: ;   {post_call_nop}
  0x000002aa622280e4: 0f1f 8400 | dc06 0017 | 83e0 0185 | c00f 848a 

  0x000002aa622280f4: ;   {metadata('java/lang/IllegalArgumentException')}
  0x000002aa622280f4: 0000 0048 | ba68 e51d | 1700 0000 | 0049 8b87 | c801 0000 | 488d 7828 | 493b bfd8 | 0100 000f 
  0x000002aa62228114: 8781 0300 | 0049 89bf | c801 0000 | 48c7 0001 | 0000 0048 | 8bca 41ba | 0000 0017 | 492b ca89 
  0x000002aa62228134: 4808 4833 | c989 480c | 4833 c948 | 8948 1048 | 8948 1848 

  0x000002aa62228148: ;   {oop("argument type mismatch"{0x000000070c4be400})}
  0x000002aa62228148: 8948 2049 | b800 e44b | 0c07 0000 | 0048 8bd0 | 4889 8424 | 3001 0000 | 0f1f 8000 

  0x000002aa62228164: ;   {optimized virtual_call}
  0x000002aa62228164: 0000 00e8 

  0x000002aa62228168: ; ImmutableOopMap {[304]=Oop }
                      ;*invokespecial <init> {reexecute=0 rethrow=0 return_oop=0}
                      ; - jdk.internal.reflect.DirectMethodHandleAccessor::invoke@42 (line 108)
  0x000002aa62228168: 7470 6fff 

  0x000002aa6222816c: ;   {post_call_nop}
  0x000002aa6222816c: 0f1f 8400 | 6407 0018 | 488b 8424 | 3001 0000 | e977 0300 | 004c 8b84 | 2428 0100 

  0x000002aa62228188: ;   {metadata('java/lang/reflect/InvocationTargetException')}
  0x000002aa62228188: 0048 ba00 | aa00 1800 | 0000 0049 | 8b87 c801 | 0000 488d | 7828 493b | bfd8 0100 | 000f 87fc 
  0x000002aa622281a8: 0200 0049 | 89bf c801 | 0000 48c7 | 0001 0000 | 0048 8bca | 41ba 0000 | 0017 492b | ca89 4808 
  0x000002aa622281c8: 4833 c989 | 480c 4833 | c948 8948 | 1048 8948 | 1848 8948 | 2048 8bd0 | 4889 8424 | 3801 0000 
  0x000002aa622281e8: 0f1f 8000 

  0x000002aa622281ec: ;   {optimized virtual_call}
  0x000002aa622281ec: 0000 00e8 

  0x000002aa622281f0: ; ImmutableOopMap {[312]=Oop }
                      ;*invokespecial <init> {reexecute=0 rethrow=0 return_oop=0}
                      ; - jdk.internal.reflect.DirectMethodHandleAccessor::invoke@51 (line 110)
  0x000002aa622281f0: ec6f 6fff 

  0x000002aa622281f4: ;   {post_call_nop}
  0x000002aa622281f4: 0f1f 8400 | ec07 0019 | 488b 8424 | 3801 0000 | e9ef 0200 

  0x000002aa62228208: ;   {metadata('java/lang/IllegalArgumentException')}
  0x000002aa62228208: 0048 ba68 | e51d 1700 | 0000 0049 | 8b87 c801 | 0000 488d | 7828 493b | bfd8 0100 | 000f 8789 
  0x000002aa62228228: 0200 0049 | 89bf c801 | 0000 48c7 | 0001 0000 | 0048 8bca | 41ba 0000 | 0017 492b | ca89 4808 
  0x000002aa62228248: 4833 c989 | 480c 4833 | c948 8948 | 1048 8948 | 1848 8948 | 204c 8b84 | 2420 0100 | 0048 8bd0 
  0x000002aa62228268: 4889 8424 | 4001 0000 | 0f1f 8000 

  0x000002aa62228274: ;   {optimized virtual_call}
  0x000002aa62228274: 0000 00e8 

  0x000002aa62228278: ; ImmutableOopMap {[320]=Oop }
                      ;*invokespecial <init> {reexecute=0 rethrow=0 return_oop=0}
                      ; - jdk.internal.reflect.DirectMethodHandleAccessor::invoke@69 (line 114)
  0x000002aa62228278: 646f 6fff 

  0x000002aa6222827c: ;   {post_call_nop}
  0x000002aa6222827c: 0f1f 8400 | 7408 001a | 488b 8424 | 4001 0000 | e967 0200 | 004c 8b84 | 2420 0100 

  0x000002aa62228298: ;   {metadata('java/lang/reflect/InvocationTargetException')}
  0x000002aa62228298: 0048 ba00 | aa00 1800 | 0000 0049 | 8b87 c801 | 0000 488d | 7828 493b | bfd8 0100 | 000f 8706 
  0x000002aa622282b8: 0200 0049 | 89bf c801 | 0000 48c7 | 0001 0000 | 0048 8bca | 41ba 0000 | 0017 492b | ca89 4808 
  0x000002aa622282d8: 4833 c989 | 480c 4833 | c948 8948 | 1048 8948 | 1848 8948 | 2048 8bd0 | 4889 8424 | 4801 0000 
  0x000002aa622282f8: 0f1f 8000 

  0x000002aa622282fc: ;   {optimized virtual_call}
  0x000002aa622282fc: 0000 00e8 

  0x000002aa62228300: ; ImmutableOopMap {[328]=Oop }
                      ;*invokespecial <init> {reexecute=0 rethrow=0 return_oop=0}
                      ; - jdk.internal.reflect.DirectMethodHandleAccessor::invoke@78 (line 116)
  0x000002aa62228300: dc6e 6fff 

  0x000002aa62228304: ;   {post_call_nop}
  0x000002aa62228304: 0f1f 8400 | fc08 001b | 488b 8424 | 4801 0000 | e9df 0100 | 0049 8b87 | 8805 0000 | 4d33 d24d 
  0x000002aa62228324: 8997 8805 | 0000 4d33 | d24d 8997 | 9005 0000 

  0x000002aa62228334: ;   {metadata('java/lang/reflect/InvocationTargetException')}
  0x000002aa62228334: 4c8b c048 | ba00 aa00 | 1800 0000 | 0049 8b87 | c801 0000 | 488d 7828 | 493b bfd8 | 0100 000f 
  0x000002aa62228354: 8775 0100 | 0049 89bf | c801 0000 | 48c7 0001 | 0000 0048 | 8bca 41ba | 0000 0017 | 492b ca89 
  0x000002aa62228374: 4808 4833 | c989 480c | 4833 c948 | 8948 1048 | 8948 1848 | 8948 2048 | 8bd0 4889 | 8424 5001 
  0x000002aa62228394: ;   {optimized virtual_call}
  0x000002aa62228394: 0000 90e8 

  0x000002aa62228398: ; ImmutableOopMap {[336]=Oop }
                      ;*invokespecial <init> {reexecute=0 rethrow=0 return_oop=0}
                      ; - jdk.internal.reflect.DirectMethodHandleAccessor::invoke@88 (line 119)
  0x000002aa62228398: 446e 6fff 

  0x000002aa6222839c: ;   {post_call_nop}
  0x000002aa6222839c: 0f1f 8400 | 9409 001c | 488b 8424 | 5001 0000 | e947 0100 

  0x000002aa622283b0: ;   {runtime_call C1 Runtime throw_null_pointer_exception_blob}
  0x000002aa622283b0: 00e8 2a39 

  0x000002aa622283b4: ; ImmutableOopMap {rdx=Oop rsi=Oop [176]=Oop [184]=Oop [192]=Oop [200]=Oop }
                      ;*invokevirtual type {reexecute=0 rethrow=0 return_oop=0}
                      ; - java.lang.invoke.Invokers::checkExactType@1 (line 529)
                      ; - java.lang.invoke.Invokers$Holder::invokeExact_MT@10
                      ; - jdk.internal.reflect.DirectMethodHandleAccessor::invokeImpl@104 (line 158)
                      ; - jdk.internal.reflect.DirectMethodHandleAccessor::invoke@23 (line 104)
                      ;   {runtime_call C1 Runtime throw_null_pointer_exception_blob}
  0x000002aa622283b4: 7bff e825 

  0x000002aa622283b8: ; ImmutableOopMap {rdx=Oop rsi=Oop [176]=Oop [184]=Oop [192]=Oop [200]=Oop }
                      ;*getfield customized {reexecute=1 rethrow=0 return_oop=0}
                      ; - (reexecute) java.lang.invoke.Invokers::checkCustomized@12 (line 625)
                      ; - java.lang.invoke.Invokers$Holder::invokeExact_MT@14
                      ; - jdk.internal.reflect.DirectMethodHandleAccessor::invokeImpl@104 (line 158)
                      ; - jdk.internal.reflect.DirectMethodHandleAccessor::invoke@23 (line 104)
                      ;   {runtime_call C1 Runtime predicate_failed_trap_blob}
  0x000002aa622283b8: 397b ffe8 

  0x000002aa622283bc: ; ImmutableOopMap {rdx=Oop r9=Oop rsi=Oop [176]=Oop [184]=Oop [192]=Oop [232]=Oop }
                      ;*aaload {reexecute=0 rethrow=0 return_oop=0}
                      ; - jdk.internal.reflect.DirectMethodHandleAccessor::invokeImpl@85 (line 157)
                      ; - jdk.internal.reflect.DirectMethodHandleAccessor::invoke@23 (line 104)
  0x000002aa622283bc: a0a2 7bff 

  0x000002aa622283c0: ;   {runtime_call C1 Runtime predicate_failed_trap_blob}
  0x000002aa622283c0: e89b a27b 

  0x000002aa622283c4: ; ImmutableOopMap {rdx=Oop r9=Oop rsi=Oop [176]=Oop [184]=Oop [192]=Oop [232]=Oop }
                      ;*aaload {reexecute=0 rethrow=0 return_oop=0}
                      ; - jdk.internal.reflect.DirectMethodHandleAccessor::invokeImpl@85 (line 157)
                      ; - jdk.internal.reflect.DirectMethodHandleAccessor::invoke@23 (line 104)
                      ;   {runtime_call C1 Runtime throw_null_pointer_exception_blob}
  0x000002aa622283c4: ffe8 1639 

  0x000002aa622283c8: ; ImmutableOopMap {rdx=Oop rsi=Oop rdi=Oop rbx=Oop rax=Oop [176]=Oop [192]=Oop [208]=Oop [216]=Oop [224]=Oop [232]=Oop }
                      ;*invokevirtual type {reexecute=0 rethrow=0 return_oop=0}
                      ; - java.lang.invoke.Invokers::checkExactType@1 (line 529)
                      ; - java.lang.invoke.LambdaForm$MH/0x000000001808a400::invokeExact_MT@11
                      ; - jdk.internal.reflect.DirectMethodHandleAccessor::invokeImpl@92 (line 157)
                      ; - jdk.internal.reflect.DirectMethodHandleAccessor::invoke@23 (line 104)
                      ;   {runtime_call C1 Runtime throw_null_pointer_exception_blob}
  0x000002aa622283c8: 7bff e811 

  0x000002aa622283cc: ; ImmutableOopMap {rdx=Oop rsi=Oop rdi=Oop rbx=Oop rax=Oop [176]=Oop [192]=Oop [208]=Oop [216]=Oop [224]=Oop [232]=Oop }
                      ;*getfield customized {reexecute=1 rethrow=0 return_oop=0}
                      ; - (reexecute) java.lang.invoke.Invokers::checkCustomized@12 (line 625)
                      ; - java.lang.invoke.LambdaForm$MH/0x000000001808a400::invokeExact_MT@15
                      ; - jdk.internal.reflect.DirectMethodHandleAccessor::invokeImpl@92 (line 157)
                      ; - jdk.internal.reflect.DirectMethodHandleAccessor::invoke@23 (line 104)
                      ;   {runtime_call C1 Runtime predicate_failed_trap_blob}
  0x000002aa622283cc: 397b ffe8 

  0x000002aa622283d0: ; ImmutableOopMap {rdx=Oop r9=Oop rsi=Oop [176]=Oop [184]=Oop [192]=Oop [256]=Oop }
                      ;*aaload {reexecute=0 rethrow=0 return_oop=0}
                      ; - jdk.internal.reflect.DirectMethodHandleAccessor::invokeImpl@68 (line 156)
                      ; - jdk.internal.reflect.DirectMethodHandleAccessor::invoke@23 (line 104)
  0x000002aa622283d0: 8ca2 7bff 

  0x000002aa622283d4: ;   {runtime_call C1 Runtime predicate_failed_trap_blob}
  0x000002aa622283d4: e887 a27b 

  0x000002aa622283d8: ; ImmutableOopMap {rdx=Oop r9=Oop rsi=Oop [176]=Oop [184]=Oop [192]=Oop [256]=Oop }
                      ;*aaload {reexecute=0 rethrow=0 return_oop=0}
                      ; - jdk.internal.reflect.DirectMethodHandleAccessor::invokeImpl@68 (line 156)
                      ; - jdk.internal.reflect.DirectMethodHandleAccessor::invoke@23 (line 104)
                      ;   {runtime_call C1 Runtime throw_null_pointer_exception_blob}
  0x000002aa622283d8: ffe8 0239 

  0x000002aa622283dc: ; ImmutableOopMap {rdx=Oop rsi=Oop rdi=Oop rbx=Oop [176]=Oop [192]=Oop [240]=Oop [248]=Oop [256]=Oop }
                      ;*invokevirtual type {reexecute=0 rethrow=0 return_oop=0}
                      ; - java.lang.invoke.Invokers::checkExactType@1 (line 529)
                      ; - java.lang.invoke.LambdaForm$MH/0x0000000018042c00::invokeExact_MT@11
                      ; - jdk.internal.reflect.DirectMethodHandleAccessor::invokeImpl@72 (line 156)
                      ; - jdk.internal.reflect.DirectMethodHandleAccessor::invoke@23 (line 104)
                      ;   {runtime_call C1 Runtime throw_null_pointer_exception_blob}
  0x000002aa622283dc: 7bff e8fd 

  0x000002aa622283e0: ; ImmutableOopMap {rdx=Oop rsi=Oop rdi=Oop rbx=Oop [176]=Oop [192]=Oop [240]=Oop [248]=Oop [256]=Oop }
                      ;*getfield customized {reexecute=1 rethrow=0 return_oop=0}
                      ; - (reexecute) java.lang.invoke.Invokers::checkCustomized@12 (line 625)
                      ; - java.lang.invoke.LambdaForm$MH/0x0000000018042c00::invokeExact_MT@15
                      ; - jdk.internal.reflect.DirectMethodHandleAccessor::invokeImpl@72 (line 156)
                      ; - jdk.internal.reflect.DirectMethodHandleAccessor::invoke@23 (line 104)
                      ;   {runtime_call C1 Runtime throw_null_pointer_exception_blob}
  0x000002aa622283e0: 387b ffe8 

  0x000002aa622283e4: ; ImmutableOopMap {rdx=Oop r9=Oop rsi=Oop [176]=Oop [184]=Oop [192]=Oop [272]=Oop }
                      ;*aaload {reexecute=0 rethrow=0 return_oop=0}
                      ; - jdk.internal.reflect.DirectMethodHandleAccessor::invokeImpl@54 (line 155)
                      ; - jdk.internal.reflect.DirectMethodHandleAccessor::invoke@23 (line 104)
  0x000002aa622283e4: f838 7bff 

  0x000002aa622283e8: ;   {runtime_call C1 Runtime throw_null_pointer_exception_blob}
  0x000002aa622283e8: e8f3 387b 

  0x000002aa622283ec: ; ImmutableOopMap {rdx=Oop r9=Oop rsi=Oop [176]=Oop [184]=Oop [192]=Oop [272]=Oop }
                      ;*aaload {reexecute=0 rethrow=0 return_oop=0}
                      ; - jdk.internal.reflect.DirectMethodHandleAccessor::invokeImpl@54 (line 155)
                      ; - jdk.internal.reflect.DirectMethodHandleAccessor::invoke@23 (line 104)
  0x000002aa622283ec: ff48 c704 | 2400 0000 | 004c 894c 

  0x000002aa622283f8: ;   {runtime_call C1 Runtime throw_range_check_failed_blob}
  0x000002aa622283f8: 2408 e8e1 

  0x000002aa622283fc: ; ImmutableOopMap {rdx=Oop r9=Oop rsi=Oop [176]=Oop [184]=Oop [192]=Oop [272]=Oop }
                      ;*aaload {reexecute=0 rethrow=0 return_oop=0}
                      ; - jdk.internal.reflect.DirectMethodHandleAccessor::invokeImpl@54 (line 155)
                      ; - jdk.internal.reflect.DirectMethodHandleAccessor::invoke@23 (line 104)
                      ;   {runtime_call C1 Runtime throw_null_pointer_exception_blob}
  0x000002aa622283fc: 2f7b ffe8 

  0x000002aa62228400: ; ImmutableOopMap {rdx=Oop rsi=Oop rdi=Oop [176]=Oop [192]=Oop [264]=Oop [272]=Oop }
                      ;*invokevirtual type {reexecute=0 rethrow=0 return_oop=0}
                      ; - java.lang.invoke.Invokers::checkExactType@1 (line 529)
                      ; - java.lang.invoke.Invokers$Holder::invokeExact_MT@10
                      ; - jdk.internal.reflect.DirectMethodHandleAccessor::invokeImpl@55 (line 155)
                      ; - jdk.internal.reflect.DirectMethodHandleAccessor::invoke@23 (line 104)
  0x000002aa62228400: dc38 7bff 

  0x000002aa62228404: ;   {runtime_call C1 Runtime throw_null_pointer_exception_blob}
  0x000002aa62228404: e8d7 387b 

  0x000002aa62228408: ; ImmutableOopMap {rdx=Oop rsi=Oop rdi=Oop [176]=Oop [192]=Oop [264]=Oop [272]=Oop }
                      ;*getfield customized {reexecute=1 rethrow=0 return_oop=0}
                      ; - (reexecute) java.lang.invoke.Invokers::checkCustomized@12 (line 625)
                      ; - java.lang.invoke.Invokers$Holder::invokeExact_MT@14
                      ; - jdk.internal.reflect.DirectMethodHandleAccessor::invokeImpl@55 (line 155)
                      ; - jdk.internal.reflect.DirectMethodHandleAccessor::invoke@23 (line 104)
                      ;   {runtime_call C1 Runtime throw_null_pointer_exception_blob}
  0x000002aa62228408: ffe8 d238 

  0x000002aa6222840c: ; ImmutableOopMap {rdx=Oop rsi=Oop [176]=Oop [192]=Oop [280]=Oop }
                      ;*invokevirtual type {reexecute=0 rethrow=0 return_oop=0}
                      ; - java.lang.invoke.Invokers::checkExactType@1 (line 529)
                      ; - java.lang.invoke.Invokers$Holder::invokeExact_MT@10
                      ; - jdk.internal.reflect.DirectMethodHandleAccessor::invokeImpl@41 (line 154)
                      ; - jdk.internal.reflect.DirectMethodHandleAccessor::invoke@23 (line 104)
                      ;   {runtime_call C1 Runtime throw_null_pointer_exception_blob}
  0x000002aa6222840c: 7bff e8cd 

  0x000002aa62228410: ; ImmutableOopMap {rdx=Oop rsi=Oop [176]=Oop [192]=Oop [280]=Oop }
                      ;*getfield customized {reexecute=1 rethrow=0 return_oop=0}
                      ; - (reexecute) java.lang.invoke.Invokers::checkCustomized@12 (line 625)
                      ; - java.lang.invoke.Invokers$Holder::invokeExact_MT@14
                      ; - jdk.internal.reflect.DirectMethodHandleAccessor::invokeImpl@41 (line 154)
                      ; - jdk.internal.reflect.DirectMethodHandleAccessor::invoke@23 (line 104)
                      ;   {internal_word}
  0x000002aa62228410: 387b ff49 | ba6c 7e22 | 62aa 0200 | 004d 8997 | e004 0000 

  0x000002aa62228424: ;   {runtime_call SafepointBlob}
  0x000002aa62228424: e937 9e6f 

  0x000002aa62228428: ;   {internal_word}
  0x000002aa62228428: ff49 baa4 | 7e22 62aa | 0200 004d | 8997 e004 

  0x000002aa62228438: ;   {runtime_call SafepointBlob}
  0x000002aa62228438: 0000 e921 

  0x000002aa6222843c: ;   {internal_word}
  0x000002aa6222843c: 9e6f ff49 | bae4 7e22 | 62aa 0200 | 004d 8997 | e004 0000 

  0x000002aa62228450: ;   {runtime_call SafepointBlob}
  0x000002aa62228450: e90b 9e6f 

  0x000002aa62228454: ;   {internal_word}
  0x000002aa62228454: ff49 ba2c | 7f22 62aa | 0200 004d | 8997 e004 

  0x000002aa62228464: ;   {runtime_call SafepointBlob}
  0x000002aa62228464: 0000 e9f5 

  0x000002aa62228468: ;   {internal_word}
  0x000002aa62228468: 9d6f ff49 | ba64 7f22 | 62aa 0200 | 004d 8997 | e004 0000 

  0x000002aa6222847c: ;   {runtime_call SafepointBlob}
  0x000002aa6222847c: e9df 9d6f 

  0x000002aa62228480: ;   {runtime_call C1 Runtime throw_null_pointer_exception_blob}
  0x000002aa62228480: ffe8 5a38 

  0x000002aa62228484: ; ImmutableOopMap {rax=Oop [176]=Oop [192]=Oop [280]=Oop }
                      ;*athrow {reexecute=1 rethrow=0 return_oop=0}
                      ; - (reexecute) java.lang.invoke.Invokers::checkExactType@15 (line 531)
                      ; - java.lang.invoke.Invokers$Holder::invokeExact_MT@10
                      ; - jdk.internal.reflect.DirectMethodHandleAccessor::invokeImpl@41 (line 154)
                      ; - jdk.internal.reflect.DirectMethodHandleAccessor::invoke@23 (line 104)
                      ;   {runtime_call C1 Runtime throw_null_pointer_exception_blob}
  0x000002aa62228484: 7bff e855 

  0x000002aa62228488: ; ImmutableOopMap {rax=Oop [176]=Oop [192]=Oop [264]=Oop [272]=Oop }
                      ;*athrow {reexecute=1 rethrow=0 return_oop=0}
                      ; - (reexecute) java.lang.invoke.Invokers::checkExactType@15 (line 531)
                      ; - java.lang.invoke.Invokers$Holder::invokeExact_MT@10
                      ; - jdk.internal.reflect.DirectMethodHandleAccessor::invokeImpl@55 (line 155)
                      ; - jdk.internal.reflect.DirectMethodHandleAccessor::invoke@23 (line 104)
                      ;   {runtime_call C1 Runtime throw_null_pointer_exception_blob}
  0x000002aa62228488: 387b ffe8 

  0x000002aa6222848c: ; ImmutableOopMap {rax=Oop [176]=Oop [192]=Oop [240]=Oop [248]=Oop [256]=Oop }
                      ;*athrow {reexecute=1 rethrow=0 return_oop=0}
                      ; - (reexecute) java.lang.invoke.Invokers::checkExactType@15 (line 531)
                      ; - java.lang.invoke.LambdaForm$MH/0x0000000018042c00::invokeExact_MT@11
                      ; - jdk.internal.reflect.DirectMethodHandleAccessor::invokeImpl@72 (line 156)
                      ; - jdk.internal.reflect.DirectMethodHandleAccessor::invoke@23 (line 104)
  0x000002aa6222848c: 5038 7bff 

  0x000002aa62228490: ;   {runtime_call C1 Runtime throw_null_pointer_exception_blob}
  0x000002aa62228490: e84b 387b 

  0x000002aa62228494: ; ImmutableOopMap {rax=Oop [176]=Oop [192]=Oop [208]=Oop [216]=Oop [224]=Oop [232]=Oop }
                      ;*athrow {reexecute=1 rethrow=0 return_oop=0}
                      ; - (reexecute) java.lang.invoke.Invokers::checkExactType@15 (line 531)
                      ; - java.lang.invoke.LambdaForm$MH/0x000000001808a400::invokeExact_MT@11
                      ; - jdk.internal.reflect.DirectMethodHandleAccessor::invokeImpl@92 (line 157)
                      ; - jdk.internal.reflect.DirectMethodHandleAccessor::invoke@23 (line 104)
                      ;   {runtime_call C1 Runtime throw_null_pointer_exception_blob}
  0x000002aa62228494: ffe8 4638 

  0x000002aa62228498: ; ImmutableOopMap {rax=Oop [176]=Oop [184]=Oop [192]=Oop [200]=Oop }
                      ;*athrow {reexecute=1 rethrow=0 return_oop=0}
                      ; - (reexecute) java.lang.invoke.Invokers::checkExactType@15 (line 531)
                      ; - java.lang.invoke.Invokers$Holder::invokeExact_MT@10
                      ; - jdk.internal.reflect.DirectMethodHandleAccessor::invokeImpl@104 (line 158)
                      ; - jdk.internal.reflect.DirectMethodHandleAccessor::invoke@23 (line 104)
  0x000002aa62228498: 7bff 488b 

  0x000002aa6222849c: ;   {runtime_call C1 Runtime fast_new_instance_blob}
  0x000002aa6222849c: d2e8 3e42 

  0x000002aa622284a0: ; ImmutableOopMap {}
                      ;*new {reexecute=0 rethrow=0 return_oop=0}
                      ; - jdk.internal.reflect.DirectMethodHandleAccessor::invoke@36 (line 108)
  0x000002aa622284a0: 7bff e9a4 | fcff ff48 

  0x000002aa622284a8: ;   {runtime_call C1 Runtime fast_new_instance_blob}
  0x000002aa622284a8: 8bd2 e831 

  0x000002aa622284ac: ; ImmutableOopMap {r8=Oop }
                      ;*new {reexecute=0 rethrow=0 return_oop=0}
                      ; - jdk.internal.reflect.DirectMethodHandleAccessor::invoke@46 (line 110)
  0x000002aa622284ac: 427b ffe9 | 29fd ffff 

  0x000002aa622284b4: ;   {runtime_call C1 Runtime fast_new_instance_blob}
  0x000002aa622284b4: 488b d2e8 

  0x000002aa622284b8: ; ImmutableOopMap {[288]=Oop }
                      ;*new {reexecute=0 rethrow=0 return_oop=0}
                      ; - jdk.internal.reflect.DirectMethodHandleAccessor::invoke@64 (line 114)
  0x000002aa622284b8: 2442 7bff | e99c fdff | ff48 8bd2 

  0x000002aa622284c4: ;   {runtime_call C1 Runtime fast_new_instance_blob}
  0x000002aa622284c4: e817 427b 

  0x000002aa622284c8: ; ImmutableOopMap {r8=Oop }
                      ;*new {reexecute=0 rethrow=0 return_oop=0}
                      ; - jdk.internal.reflect.DirectMethodHandleAccessor::invoke@73 (line 116)
  0x000002aa622284c8: ffe9 1ffe | ffff 488b 

  0x000002aa622284d0: ;   {runtime_call C1 Runtime fast_new_instance_blob}
  0x000002aa622284d0: d2e8 0a42 

  0x000002aa622284d4: ; ImmutableOopMap {r8=Oop }
                      ;*new {reexecute=0 rethrow=0 return_oop=0}
                      ; - jdk.internal.reflect.DirectMethodHandleAccessor::invoke@83 (line 119)
  0x000002aa622284d4: 7bff e9b0 | feff ff49 | 8b87 8805 | 0000 49c7 | 8788 0500 | 0000 0000 | 0049 c787 | 9005 0000 
  0x000002aa622284f4: 0000 0000 | 4881 c460 | 0100 005d 

  0x000002aa62228500: ;   {runtime_call C1 Runtime unwind_exception_blob}
  0x000002aa62228500: e9db 287b | fff4 f4f4 
[Stub Code]
  0x000002aa62228508: ;   {other}
  0x000002aa62228508: 0f1f 4400 

  0x000002aa6222850c: ;   {static_stub}
  0x000002aa6222850c: 0048 bb00 | 0000 0000 

  0x000002aa62228514: ;   {runtime_call nmethod}
  0x000002aa62228514: 0000 00e9 | fbff ffff 

  0x000002aa6222851c: ;   {static_stub}
  0x000002aa6222851c: 9048 bb00 | 0000 0000 

  0x000002aa62228524: ;   {runtime_call nmethod}
  0x000002aa62228524: 0000 00e9 | fbff ffff 

  0x000002aa6222852c: ;   {static_stub}
  0x000002aa6222852c: 48bb 0000 | 0000 0000 

  0x000002aa62228534: ;   {runtime_call nmethod}
  0x000002aa62228534: 0000 e9fb 

  0x000002aa62228538: ;   {static_stub}
  0x000002aa62228538: ffff ff48 | bb00 0000 | 0000 0000 

  0x000002aa62228544: ;   {runtime_call nmethod}
  0x000002aa62228544: 00e9 fbff 

  0x000002aa62228548: ;   {static_stub}
  0x000002aa62228548: ffff 48bb | 0000 0000 | 0000 0000 

  0x000002aa62228554: ;   {runtime_call nmethod}
  0x000002aa62228554: e9fb ffff 

  0x000002aa62228558: ;   {static_stub}
  0x000002aa62228558: ff48 bb00 | 0000 0000 

  0x000002aa62228560: ;   {runtime_call nmethod}
  0x000002aa62228560: 0000 00e9 | fbff ffff 

  0x000002aa62228568: ;   {static_stub}
  0x000002aa62228568: 48bb 0000 | 0000 0000 

  0x000002aa62228570: ;   {runtime_call nmethod}
  0x000002aa62228570: 0000 e9fb 

  0x000002aa62228574: ;   {static_stub}
  0x000002aa62228574: ffff ff48 | bb00 0000 | 0000 0000 

  0x000002aa62228580: ;   {runtime_call nmethod}
  0x000002aa62228580: 00e9 fbff 

  0x000002aa62228584: ;   {static_stub}
  0x000002aa62228584: ffff 48bb | 0000 0000 | 0000 0000 

  0x000002aa62228590: ;   {runtime_call nmethod}
  0x000002aa62228590: e9fb ffff 

  0x000002aa62228594: ;   {static_stub}
  0x000002aa62228594: ff48 bb00 | 0000 0000 

  0x000002aa6222859c: ;   {runtime_call nmethod}
  0x000002aa6222859c: 0000 00e9 | fbff ffff 

  0x000002aa622285a4: ;   {static_stub}
  0x000002aa622285a4: 48bb 0000 | 0000 0000 

  0x000002aa622285ac: ;   {runtime_call nmethod}
  0x000002aa622285ac: 0000 e9fb 

  0x000002aa622285b0: ;   {static_stub}
  0x000002aa622285b0: ffff ff48 | bb98 9546 | 1700 0000 

  0x000002aa622285bc: ;   {runtime_call I2C/C2I adapters}
  0x000002aa622285bc: 00e9 f4f5 

  0x000002aa622285c0: ;   {static_stub}
  0x000002aa622285c0: 6fff 48bb | 0000 0000 | 0000 0000 

  0x000002aa622285cc: ;   {runtime_call nmethod}
  0x000002aa622285cc: e9fb ffff 

  0x000002aa622285d0: ;   {runtime_call C1 Runtime handle_exception_from_callee_blob}
  0x000002aa622285d0: ffe8 8a5d 

  0x000002aa622285d4: ;   {external_word}
  0x000002aa622285d4: 7bff 48b9 | 4808 d28c | ff7f 0000 | 4883 e4f0 

  0x000002aa622285e4: ;   {runtime_call}
  0x000002aa622285e4: 48b8 008d | 958c ff7f | 0000 ffd0 

  0x000002aa622285f0: ;   {section_word}
  0x000002aa622285f0: f449 baf1 | 8522 62aa | 0200 0041 

  0x000002aa622285fc: ;   {runtime_call DeoptimizationBlob}
  0x000002aa622285fc: 52e9 de83 

  0x000002aa62228600: ;   {section_word}
  0x000002aa62228600: 6fff 49ba | 0286 2262 | aa02 0000 

  0x000002aa6222860c: ;   {runtime_call DeoptimizationBlob}
  0x000002aa6222860c: 4152 e9cd | 836f fff4 | f4f4 f4f4 
[/MachCode]


Compiled method (c1) 5278 4875       1       java.lang.reflect.Method::invoke (108 bytes)
 total in heap  [0x000002aa6222bc88,0x000002aa6222c068] = 992
 main code      [0x000002aa6222bd80,0x000002aa6222bfd0] = 592
 stub code      [0x000002aa6222bfd0,0x000002aa6222c068] = 152
 mutable data [0x000002aa7338fdf0,0x000002aa7338fe98] = 168
 relocation     [0x000002aa7338fdf0,0x000002aa7338fe80] = 144
 metadata       [0x000002aa7338fe80,0x000002aa7338fe98] = 24
 immutable data [0x000002aa734f6540,0x000002aa734f6668] = 296
 dependencies   [0x000002aa734f6540,0x000002aa734f6548] = 8
 nul chk table  [0x000002aa734f6548,0x000002aa734f6558] = 16
 scopes pcs     [0x000002aa734f6558,0x000002aa734f65e8] = 144
 scopes data    [0x000002aa734f65e8,0x000002aa734f6668] = 128

[Constant Pool (empty)]

[MachCode]
[Instructions begin]
  0x000002aa6222bd80: 660f 1f84 | 0000 0000 | 0066 0f1f | 8400 0000 | 0000 448b | 5208 443b 

  0x000002aa6222bd98: ;   {runtime_call Shared Runtime ic_miss_blob}
  0x000002aa6222bd98: 5008 0f85 | 402f 6fff 
[Verified Entry Point]
  0x000002aa6222bda0: 8984 2400 | 80ff ff55 | 4881 ec80 | 0000 0090 | 4181 7f20 | 0500 0000 

  0x000002aa6222bdb8: ;   {runtime_call Stub::method_entry_barrier}
  0x000002aa6222bdb8: 7405 e821 | a86d ff48 | 8954 2448 | 4c89 4424 | 504c 894c | 2458 488b | f248 8bd6 

  0x000002aa6222bdd4: ;   {optimized virtual_call}
  0x000002aa6222bdd4: 6666 90e8 

  0x000002aa6222bdd8: ; ImmutableOopMap {[72]=Oop [80]=Oop [88]=Oop }
                      ;*invokevirtual isCallerSensitive {reexecute=0 rethrow=0 return_oop=0}
                      ; - java.lang.reflect.Method::invoke@1 (line 546)
  0x000002aa6222bdd8: 44fd faff 

  0x000002aa6222bddc: ;   {post_call_nop}
  0x000002aa6222bddc: 0f1f 8400 | 5401 0000 | 488b 5424 | 480f be72 | 0c85 f60f | 841b 0000 | 0085 c00f | 8513 0000 
  0x000002aa6222bdfc: ;   {oop(nullptr)}
  0x000002aa6222bdfc: 0048 bb00 | 0000 0000 | 0000 0089 | 4424 60e9 | 1c00 0000 | 8944 2460 

  0x000002aa6222be14: ;   {static_call}
  0x000002aa6222be14: 6666 90e8 

  0x000002aa6222be18: ; ImmutableOopMap {[72]=Oop [80]=Oop [88]=Oop }
                      ;*invokestatic getCallerClass {reexecute=0 rethrow=0 return_oop=0}
                      ; - java.lang.reflect.Method::invoke@19 (line 549)
  0x000002aa6222be18: f472 b9ff 

  0x000002aa6222be1c: ;   {post_call_nop}
  0x000002aa6222be1c: 0f1f 8400 | 9401 0001 | 488b d848 | 8b54 2448 | 440f be42 | 0c45 85c0 | 0f84 0a00 | 0000 4889 
  0x000002aa6222be3c: 5c24 68e9 | 7d00 0000 | 448b 4a1c | 49c1 e103 | 8b72 504c | 8bc6 4183 | e008 4585 | c041 b800 
  0x000002aa6222be5c: 0000 0074 | 0641 b801 | 0000 0041 | 83e0 0145 | 85c0 0f84 | 0f00 0000 

  0x000002aa6222be74: ;   {oop(nullptr)}
  0x000002aa6222be74: 48bf 0000 | 0000 0000 | 0000 e919 | 0000 004c | 8b44 2450 

  0x000002aa6222be88: ; implicit exception: dispatches to 0x000002aa6222bf6f
  0x000002aa6222be88: 418b 7808 | 41ba 0000 | 0017 4903 | fa48 8b7f | 7048 8b3f | 4c8b c348 | 8bca 488b | d148 895c 
  0x000002aa6222bea8: 2468 0f1f 

  0x000002aa6222beac: ;   {optimized virtual_call}
  0x000002aa6222beac: 4400 00e8 

  0x000002aa6222beb0: ; ImmutableOopMap {[72]=Oop [80]=Oop [88]=Oop [104]=Oop }
                      ;*invokevirtual checkAccess {reexecute=0 rethrow=0 return_oop=0}
                      ; - java.lang.reflect.Method::invoke@60 (line 556)
  0x000002aa6222beb0: 6c95 baff 

  0x000002aa6222beb4: ;   {post_call_nop}
  0x000002aa6222beb4: 0f1f 8400 | 2c02 0002 | 488b 5424 | 488b 7248 | 48c1 e603 | 4885 f60f | 8516 0000 | 0066 0f1f 
  0x000002aa6222bed4: ;   {optimized virtual_call}
  0x000002aa6222bed4: 4400 00e8 

  0x000002aa6222bed8: ; ImmutableOopMap {[80]=Oop [88]=Oop [104]=Oop }
                      ;*invokevirtual acquireMethodAccessor {reexecute=0 rethrow=0 return_oop=0}
                      ; - java.lang.reflect.Method::invoke@75 (line 562)
  0x000002aa6222bed8: 4501 0000 

  0x000002aa6222bedc: ;   {post_call_nop}
  0x000002aa6222bedc: 0f1f 8400 | 5402 0003 | 488b f08b | 4424 6085 | c00f 8444 | 0000 0048 | 8b5c 2468 | 4c8b 4424 
  0x000002aa6222befc: 504c 8b4c | 2458 488b | fb48 8bd6 | 0f1f 4400 | 0048 b850 | a624 73aa 

  0x000002aa6222bf14: ;   {virtual_call}
  0x000002aa6222bf14: 0200 00e8 

  0x000002aa6222bf18: ; ImmutableOopMap {}
                      ;*invokeinterface invoke {reexecute=0 rethrow=0 return_oop=0}
                      ; - java.lang.reflect.Method::invoke@90 (line 565)
  0x000002aa6222bf18: c437 6fff 

  0x000002aa6222bf1c: ;   {post_call_nop}
  0x000002aa6222bf1c: 0f1f 8400 | 9402 0004 | 4881 c480 | 0000 005d 

  0x000002aa6222bf2c: ;   {poll_return}
  0x000002aa6222bf2c: 493b 6728 | 0f87 3e00 | 0000 c34c | 8b4c 2458 | 4c8b 4424 | 5048 8bd6 | 9048 b878 | a624 73aa 
  0x000002aa6222bf4c: ;   {virtual_call}
  0x000002aa6222bf4c: 0200 00e8 

  0x000002aa6222bf50: ; ImmutableOopMap {}
                      ;*invokeinterface invoke {reexecute=0 rethrow=0 return_oop=0}
                      ; - java.lang.reflect.Method::invoke@102 (line 565)
  0x000002aa6222bf50: bebb ffff 

  0x000002aa6222bf54: ;   {post_call_nop}
  0x000002aa6222bf54: 0f1f 8400 | cc02 0005 | 4881 c480 | 0000 005d 

  0x000002aa6222bf64: ;   {poll_return}
  0x000002aa6222bf64: 493b 6728 | 0f87 1c00 

  0x000002aa6222bf6c: ;   {runtime_call C1 Runtime throw_null_pointer_exception_blob}
  0x000002aa6222bf6c: 0000 c3e8 

  0x000002aa6222bf70: ; ImmutableOopMap {rbx=Oop rdx=Oop r9=Oop r8=Oop [72]=Oop [80]=Oop [88]=Oop }
                      ;*invokevirtual getClass {reexecute=0 rethrow=0 return_oop=0}
                      ; - java.lang.reflect.Method::invoke@53 (line 557)
  0x000002aa6222bf70: 6cfd 7aff 

  0x000002aa6222bf74: ;   {internal_word}
  0x000002aa6222bf74: 49ba 2cbf | 2262 aa02 | 0000 4d89 | 97e0 0400 

  0x000002aa6222bf84: ;   {runtime_call SafepointBlob}
  0x000002aa6222bf84: 00e9 d662 

  0x000002aa6222bf88: ;   {internal_word}
  0x000002aa6222bf88: 6fff 49ba | 64bf 2262 | aa02 0000 | 4d89 97e0 

  0x000002aa6222bf98: ;   {runtime_call SafepointBlob}
  0x000002aa6222bf98: 0400 00e9 | c062 6fff | 498b 8788 | 0500 0049 | c787 8805 | 0000 0000 | 0000 49c7 | 8790 0500 
  0x000002aa6222bfb8: 0000 0000 | 0048 81c4 | 8000 0000 

  0x000002aa6222bfc4: ;   {runtime_call C1 Runtime unwind_exception_blob}
  0x000002aa6222bfc4: 5de9 16ee | 7aff f4f4 | f4f4 f4f4 
[Stub Code]
  0x000002aa6222bfd0: ;   {other}
  0x000002aa6222bfd0: 0f1f 4400 

  0x000002aa6222bfd4: ;   {static_stub}
  0x000002aa6222bfd4: 0048 bb00 | 0000 0000 

  0x000002aa6222bfdc: ;   {runtime_call nmethod}
  0x000002aa6222bfdc: 0000 00e9 | fbff ffff 

  0x000002aa6222bfe4: ;   {static_stub}
  0x000002aa6222bfe4: 9048 bb00 | 0000 0000 

  0x000002aa6222bfec: ;   {runtime_call nmethod}
  0x000002aa6222bfec: 0000 00e9 | fbff ffff 

  0x000002aa6222bff4: ;   {static_stub}
  0x000002aa6222bff4: 48bb 0000 | 0000 0000 

  0x000002aa6222bffc: ;   {runtime_call nmethod}
  0x000002aa6222bffc: 0000 e9fb 

  0x000002aa6222c000: ;   {static_stub}
  0x000002aa6222c000: ffff ff48 | bb00 0000 | 0000 0000 

  0x000002aa6222c00c: ;   {runtime_call nmethod}
  0x000002aa6222c00c: 00e9 fbff 

  0x000002aa6222c010: ;   {static_stub}
  0x000002aa6222c010: ffff 48bb | 0000 0000 | 0000 0000 

  0x000002aa6222c01c: ;   {runtime_call nmethod}
  0x000002aa6222c01c: e9fb ffff 

  0x000002aa6222c020: ;   {static_stub}
  0x000002aa6222c020: ff48 bbe0 | dd1b 1700 

  0x000002aa6222c028: ;   {runtime_call I2C/C2I adapters}
  0x000002aa6222c028: 0000 00e9 | 826d 6fff 
[Exception Handler]
  0x000002aa6222c030: ;   {runtime_call C1 Runtime handle_exception_from_callee_blob}
  0x000002aa6222c030: e82b 237b 

  0x000002aa6222c034: ;   {external_word}
  0x000002aa6222c034: ff48 b948 | 08d2 8cff | 7f00 0048 

  0x000002aa6222c040: ;   {runtime_call}
  0x000002aa6222c040: 83e4 f048 | b800 8d95 | 8cff 7f00 | 00ff d0f4 
[Deopt Handler Code]
  0x000002aa6222c050: ;   {section_word}
  0x000002aa6222c050: 49ba 50c0 | 2262 aa02 | 0000 4152 

  0x000002aa6222c05c: ;   {runtime_call DeoptimizationBlob}
  0x000002aa6222c05c: e97f 496f | fff4 f4f4 | f4f4 f4f4 
[/MachCode]


---------------  P R O C E S S  ---------------

Threads class SMR info:
_java_thread_list=0x000002aa725fb220, length=36, elements={
0x000002aa6c394c30, 0x000002aa6c395540, 0x000002aa6c388370, 0x000002aa6c3896e0,
0x000002aa6c38b160, 0x000002aa6c38c890, 0x000002aa6c39df90, 0x000002aa71086b00,
0x000002aa71175cc0, 0x000002aa71197ff0, 0x000002aa71790850, 0x000002aa71795030,
0x000002aa6c39d500, 0x000002aa7212efc0, 0x000002aa7212ff60, 0x000002aa72130f00,
0x000002aa72c60190, 0x000002aa72c5f1f0, 0x000002aa72c620d0, 0x000002aa72c63840,
0x000002aa737a75d0, 0x000002aa737aa4b0, 0x000002aa737a8570, 0x000002aa737a8d40,
0x000002aa737a6e00, 0x000002aa737ab450, 0x000002aa737ac3f0, 0x000002aa737acbc0,
0x000002aa737a9510, 0x000002aa737ad390, 0x000002aa737adb60, 0x000002aa737aac80,
0x000002aa73a5d380, 0x000002aa73a5b440, 0x000002aa73a5ac70, 0x000002aa73a5bc10
}

Java Threads: ( => current thread )
  0x000002aa6c394c30 JavaThread "Reference Handler"          daemon [_thread_blocked, id=42252, stack(0x000000e5e5000000,0x000000e5e5100000) (1024K)]
  0x000002aa6c395540 JavaThread "Finalizer"                  daemon [_thread_blocked, id=10652, stack(0x000000e5e5100000,0x000000e5e5200000) (1024K)]
  0x000002aa6c388370 JavaThread "Signal Dispatcher"          daemon [_thread_blocked, id=14324, stack(0x000000e5e5200000,0x000000e5e5300000) (1024K)]
  0x000002aa6c3896e0 JavaThread "Attach Listener"            daemon [_thread_blocked, id=19568, stack(0x000000e5e5300000,0x000000e5e5400000) (1024K)]
  0x000002aa6c38b160 JavaThread "Service Thread"             daemon [_thread_blocked, id=32224, stack(0x000000e5e5400000,0x000000e5e5500000) (1024K)]
  0x000002aa6c38c890 JavaThread "Monitor Deflation Thread"   daemon [_thread_blocked, id=43496, stack(0x000000e5e5500000,0x000000e5e5600000) (1024K)]
  0x000002aa6c39df90 JavaThread "C1 CompilerThread0"         daemon [_thread_blocked, id=24812, stack(0x000000e5e5600000,0x000000e5e5700000) (1024K)]
  0x000002aa71086b00 JavaThread "C1 CompilerThread1"         daemon [_thread_blocked, id=35020, stack(0x000000e5e5700000,0x000000e5e5800000) (1024K)]
  0x000002aa71175cc0 JavaThread "Common-Cleaner"             daemon [_thread_blocked, id=24752, stack(0x000000e5e5800000,0x000000e5e5900000) (1024K)]
  0x000002aa71197ff0 JavaThread "C1 CompilerThread2"         daemon [_thread_blocked, id=29240, stack(0x000000e5e5900000,0x000000e5e5a00000) (1024K)]
  0x000002aa71790850 JavaThread "Monitor Ctrl-Break"         daemon [_thread_in_native, id=46348, stack(0x000000e5e5d00000,0x000000e5e5e00000) (1024K)]
  0x000002aa71795030 JavaThread "Notification Thread"        daemon [_thread_blocked, id=22448, stack(0x000000e5e5e00000,0x000000e5e5f00000) (1024K)]
  0x000002aa6c39d500 JavaThread "RMI TCP Accept-0"           daemon [_thread_in_native, id=14296, stack(0x000000e5e5f00000,0x000000e5e6000000) (1024K)]
  0x000002aa7212efc0 JavaThread "RMI TCP Connection(1)-192.168.100.1" daemon [_thread_in_native, id=24416, stack(0x000000e5e6000000,0x000000e5e6100000) (1024K)]
  0x000002aa7212ff60 JavaThread "RMI Scheduler(0)"           daemon [_thread_blocked, id=38620, stack(0x000000e5e6100000,0x000000e5e6200000) (1024K)]
  0x000002aa72130f00 JavaThread "JMX server connection timeout 40" daemon [_thread_blocked, id=20812, stack(0x000000e5e6200000,0x000000e5e6300000) (1024K)]
  0x000002aa72c60190 JavaThread "Catalina-utility-1"                [_thread_blocked, id=37104, stack(0x000000e5e6900000,0x000000e5e6a00000) (1024K)]
  0x000002aa72c5f1f0 JavaThread "Catalina-utility-2"                [_thread_blocked, id=21756, stack(0x000000e5e7200000,0x000000e5e7300000) (1024K)]
  0x000002aa72c620d0 JavaThread "container-0"                       [_thread_blocked, id=30380, stack(0x000000e5e7300000,0x000000e5e7400000) (1024K)]
  0x000002aa72c63840 JavaThread "mysql-cj-abandoned-connection-cleanup" daemon [_thread_blocked, id=45932, stack(0x000000e5e7400000,0x000000e5e7500000) (1024K)]
  0x000002aa737a75d0 JavaThread "Jndi-Dns-address-change-listener" daemon [_thread_in_native, id=19180, stack(0x000000e5e7500000,0x000000e5e7600000) (1024K)]
  0x000002aa737aa4b0 JavaThread "lettuce-timer-3-1"          daemon [_thread_blocked, id=26948, stack(0x000000e5e7600000,0x000000e5e7700000) (1024K)]
=>0x000002aa737a8570 JavaThread "http-nio-8080-exec-1"       daemon [_thread_in_native, id=36660, stack(0x000000e5e7700000,0x000000e5e7800000) (1024K)]
  0x000002aa737a8d40 JavaThread "http-nio-8080-exec-2"       daemon [_thread_blocked, id=40700, stack(0x000000e5e7800000,0x000000e5e7900000) (1024K)]
  0x000002aa737a6e00 JavaThread "http-nio-8080-exec-3"       daemon [_thread_blocked, id=39724, stack(0x000000e5e7900000,0x000000e5e7a00000) (1024K)]
  0x000002aa737ab450 JavaThread "http-nio-8080-exec-4"       daemon [_thread_blocked, id=24780, stack(0x000000e5e7a00000,0x000000e5e7b00000) (1024K)]
  0x000002aa737ac3f0 JavaThread "http-nio-8080-exec-5"       daemon [_thread_blocked, id=13596, stack(0x000000e5e7b00000,0x000000e5e7c00000) (1024K)]
  0x000002aa737acbc0 JavaThread "http-nio-8080-exec-6"       daemon [_thread_blocked, id=30684, stack(0x000000e5e7c00000,0x000000e5e7d00000) (1024K)]
  0x000002aa737a9510 JavaThread "http-nio-8080-exec-7"       daemon [_thread_blocked, id=8032, stack(0x000000e5e7d00000,0x000000e5e7e00000) (1024K)]
  0x000002aa737ad390 JavaThread "http-nio-8080-exec-8"       daemon [_thread_blocked, id=39836, stack(0x000000e5e7e00000,0x000000e5e7f00000) (1024K)]
  0x000002aa737adb60 JavaThread "http-nio-8080-exec-9"       daemon [_thread_blocked, id=24176, stack(0x000000e5e7f00000,0x000000e5e8000000) (1024K)]
  0x000002aa737aac80 JavaThread "http-nio-8080-exec-10"      daemon [_thread_blocked, id=18408, stack(0x000000e5e8000000,0x000000e5e8100000) (1024K)]
  0x000002aa73a5d380 JavaThread "http-nio-8080-Poller"       daemon [_thread_in_native, id=37428, stack(0x000000e5e8100000,0x000000e5e8200000) (1024K)]
  0x000002aa73a5b440 JavaThread "http-nio-8080-Acceptor"     daemon [_thread_in_native, id=35400, stack(0x000000e5e8200000,0x000000e5e8300000) (1024K)]
  0x000002aa73a5ac70 JavaThread "DestroyJavaVM"                     [_thread_blocked, id=10684, stack(0x000000e5e4800000,0x000000e5e4900000) (1024K)]
  0x000002aa73a5bc10 JavaThread "RMI TCP Connection(2)-192.168.100.1" daemon [_thread_in_native, id=39812, stack(0x000000e5e8300000,0x000000e5e8400000) (1024K)]
Total: 36

Other Threads:
  0x000002aa6c36e9c0 VMThread "VM Thread"                           [id=45948, stack(0x000000e5e4f00000,0x000000e5e5000000) (1024K)]
  0x000002aa6c242ad0 WatcherThread "VM Periodic Task Thread"        [id=45928, stack(0x000000e5e4e00000,0x000000e5e4f00000) (1024K)]
  0x000002aa590d4dc0 WorkerThread "GC Thread#0"                     [id=42284, stack(0x000000e5e4900000,0x000000e5e4a00000) (1024K)]
  0x000002aa72744370 WorkerThread "GC Thread#1"                     [id=4800, stack(0x000000e5e6300000,0x000000e5e6400000) (1024K)]
  0x000002aa727447a0 WorkerThread "GC Thread#2"                     [id=11640, stack(0x000000e5e6400000,0x000000e5e6500000) (1024K)]
  0x000002aa727c8720 WorkerThread "GC Thread#3"                     [id=46016, stack(0x000000e5e6500000,0x000000e5e6600000) (1024K)]
  0x000002aa727c8b50 WorkerThread "GC Thread#4"                     [id=16616, stack(0x000000e5e6600000,0x000000e5e6700000) (1024K)]
  0x000002aa72720a50 WorkerThread "GC Thread#5"                     [id=35564, stack(0x000000e5e6700000,0x000000e5e6800000) (1024K)]
  0x000002aa727212e0 WorkerThread "GC Thread#6"                     [id=37396, stack(0x000000e5e6800000,0x000000e5e6900000) (1024K)]
  0x000002aa72721730 WorkerThread "GC Thread#7"                     [id=41424, stack(0x000000e5e6a00000,0x000000e5e6b00000) (1024K)]
  0x000002aa72721b80 WorkerThread "GC Thread#8"                     [id=26868, stack(0x000000e5e6b00000,0x000000e5e6c00000) (1024K)]
  0x000002aa72721fd0 WorkerThread "GC Thread#9"                     [id=42952, stack(0x000000e5e6c00000,0x000000e5e6d00000) (1024K)]
  0x000002aa72723110 WorkerThread "GC Thread#10"                    [id=16748, stack(0x000000e5e6d00000,0x000000e5e6e00000) (1024K)]
  0x000002aa727239b0 WorkerThread "GC Thread#11"                    [id=18140, stack(0x000000e5e6e00000,0x000000e5e6f00000) (1024K)]
  0x000002aa72724af0 WorkerThread "GC Thread#12"                    [id=5800, stack(0x000000e5e6f00000,0x000000e5e7000000) (1024K)]
  0x000002aa590efab0 ConcurrentGCThread "G1 Main Marker"            [id=40444, stack(0x000000e5e4a00000,0x000000e5e4b00000) (1024K)]
  0x000002aa590f0bf0 WorkerThread "G1 Conc#0"                       [id=17520, stack(0x000000e5e4b00000,0x000000e5e4c00000) (1024K)]
  0x000002aa72722870 WorkerThread "G1 Conc#1"                       [id=11780, stack(0x000000e5e7000000,0x000000e5e7100000) (1024K)]
  0x000002aa72722cc0 WorkerThread "G1 Conc#2"                       [id=9132, stack(0x000000e5e7100000,0x000000e5e7200000) (1024K)]
  0x000002aa6c2323b0 ConcurrentGCThread "G1 Refine#0"               [id=20704, stack(0x000000e5e4c00000,0x000000e5e4d00000) (1024K)]
  0x000002aa6c232dc0 ConcurrentGCThread "G1 Service"                [id=17628, stack(0x000000e5e4d00000,0x000000e5e4e00000) (1024K)]
Total: 21

Threads with active compile tasks:
Total: 0

VM state: not at safepoint (normal execution)

VM Mutex/Monitor currently owned by a thread: None

Heap address: 0x000000070b400000, size: 3916 MB, Compressed Oops mode: Zero based, Oop shift amount: 3

CDS archive(s) mapped at: [0x0000000017000000-0x0000000017dd0000-0x0000000017dd0000), size 14483456, SharedBaseAddress: 0x0000000017000000, ArchiveRelocationMode: 1.
Compressed class space mapped at: 0x0000000018000000-0x0000000058000000, reserved size: 1073741824
UseCompressedClassPointers 1, UseCompactObjectHeaders 0
Narrow klass pointer bits 32, Max shift 3
Narrow klass base: 0x0000000017000000, Narrow klass shift: 0
Encoding Range: [0x0000000017000000 - 0x0000000117000000), (4294967296 bytes)
Klass Range:    [0x0000000017010000 - 0x0000000058000000), (1090453504 bytes)
Klass ID Range:  [65536 - 1090519033) (1090453497)
Protection zone: [0x0000000017000000 - 0x0000000017010000), (65536 bytes)

GC Precious Log:
 CardTable entry size: 512
 Card Set container configuration: InlinePtr #cards 4 size 8 Array Of Cards #cards 16 size 48 Howl #buckets 8 coarsen threshold 3686 Howl Bitmap #cards 512 size 80 coarsen threshold 460 Card regions per heap region 1 cards per card region 4096
 CPUs: 16 total, 16 available
 Memory: 15658M
 Large Page Support: Disabled
 NUMA Support: Disabled
 Compressed Oops: Enabled (Zero based)
 Heap Region Size: 2M
 Heap Min Capacity: 8M
 Heap Initial Capacity: 246M
 Heap Max Capacity: 3916M
 Pre-touch: Disabled
 Parallel Workers: 13
 Concurrent Workers: 3
 Concurrent Refinement Workers: 13
 Periodic GC: Disabled

Heap:
 garbage-first heap   total reserved 4009984K, committed 75776K, used 48075K [0x000000070b400000, 0x0000000800000000)
  region size 2048K, 15 young (30720K), 3 survivors (6144K)

Heap Regions: E=young(eden), S=young(survivor), O=old, HS=humongous(starts), HC=humongous(continues), CS=collection set, F=free, TAMS=top-at-mark-start, PB=parsable bottom
|   0|0x000000070b400000, 0x000000070b600000, 0x000000070b600000|100%| O|  |TAMS 0x000000070b400000| PB 0x000000070b400000| Untracked |  0
|   1|0x000000070b600000, 0x000000070b800000, 0x000000070b800000|100%| O|  |TAMS 0x000000070b600000| PB 0x000000070b600000| Untracked |  0
|   2|0x000000070b800000, 0x000000070b800000, 0x000000070ba00000|  0%| F|  |TAMS 0x000000070b800000| PB 0x000000070b800000| Untracked |  0
|   3|0x000000070ba00000, 0x000000070bc00000, 0x000000070bc00000|100%| O|  |TAMS 0x000000070ba00000| PB 0x000000070ba00000| Untracked |  0
|   4|0x000000070bc00000, 0x000000070be00000, 0x000000070be00000|100%| O|  |TAMS 0x000000070bc00000| PB 0x000000070bc00000| Untracked |  0
|   5|0x000000070be00000, 0x000000070c000000, 0x000000070c000000|100%| O|  |TAMS 0x000000070be00000| PB 0x000000070be00000| Untracked |  0
|   6|0x000000070c000000, 0x000000070c200000, 0x000000070c200000|100%| O|  |TAMS 0x000000070c000000| PB 0x000000070c000000| Untracked |  0
|   7|0x000000070c200000, 0x000000070c400000, 0x000000070c400000|100%| O|  |TAMS 0x000000070c200000| PB 0x000000070c200000| Untracked |  0
|   8|0x000000070c400000, 0x000000070c600000, 0x000000070c600000|100%| O|  |TAMS 0x000000070c400000| PB 0x000000070c400000| Untracked |  0
|   9|0x000000070c600000, 0x000000070c800000, 0x000000070c800000|100%| O|  |TAMS 0x000000070c600000| PB 0x000000070c600000| Untracked |  0
|  10|0x000000070c800000, 0x000000070ca00000, 0x000000070ca00000|100%| O|  |TAMS 0x000000070c800000| PB 0x000000070c800000| Untracked |  0
|  11|0x000000070ca00000, 0x000000070cb595a0, 0x000000070cc00000| 67%| O|  |TAMS 0x000000070ca00000| PB 0x000000070ca00000| Untracked |  0
|  12|0x000000070cc00000, 0x000000070cc00000, 0x000000070ce00000|  0%| F|  |TAMS 0x000000070cc00000| PB 0x000000070cc00000| Untracked |  0
|  13|0x000000070ce00000, 0x000000070ce00000, 0x000000070d000000|  0%| F|  |TAMS 0x000000070ce00000| PB 0x000000070ce00000| Untracked |  0
|  14|0x000000070d000000, 0x000000070d000000, 0x000000070d200000|  0%| F|  |TAMS 0x000000070d000000| PB 0x000000070d000000| Untracked |  0
|  15|0x000000070d200000, 0x000000070d200000, 0x000000070d400000|  0%| F|  |TAMS 0x000000070d200000| PB 0x000000070d200000| Untracked |  0
|  16|0x000000070d400000, 0x000000070d400000, 0x000000070d600000|  0%| F|  |TAMS 0x000000070d400000| PB 0x000000070d400000| Untracked |  0
|  17|0x000000070d600000, 0x000000070d600000, 0x000000070d800000|  0%| F|  |TAMS 0x000000070d600000| PB 0x000000070d600000| Untracked |  0
|  18|0x000000070d800000, 0x000000070d999990, 0x000000070da00000| 79%| S|CS|TAMS 0x000000070d800000| PB 0x000000070d800000| Complete |  0
|  19|0x000000070da00000, 0x000000070dc00000, 0x000000070dc00000|100%| S|CS|TAMS 0x000000070da00000| PB 0x000000070da00000| Complete |  0
|  20|0x000000070dc00000, 0x000000070de00000, 0x000000070de00000|100%| S|CS|TAMS 0x000000070dc00000| PB 0x000000070dc00000| Complete |  0
|  21|0x000000070de00000, 0x000000070de00000, 0x000000070e000000|  0%| F|  |TAMS 0x000000070de00000| PB 0x000000070de00000| Untracked |  0
|  22|0x000000070e000000, 0x000000070e000000, 0x000000070e200000|  0%| F|  |TAMS 0x000000070e000000| PB 0x000000070e000000| Untracked |  0
|  23|0x000000070e200000, 0x000000070e200000, 0x000000070e400000|  0%| F|  |TAMS 0x000000070e200000| PB 0x000000070e200000| Untracked |  0
|  24|0x000000070e400000, 0x000000070e400000, 0x000000070e600000|  0%| F|  |TAMS 0x000000070e400000| PB 0x000000070e400000| Untracked |  0
|  25|0x000000070e600000, 0x000000070e7e1ff0, 0x000000070e800000| 94%| E|  |TAMS 0x000000070e600000| PB 0x000000070e600000| Complete |  0
|  26|0x000000070e800000, 0x000000070ea00000, 0x000000070ea00000|100%| E|CS|TAMS 0x000000070e800000| PB 0x000000070e800000| Complete |  0
|  27|0x000000070ea00000, 0x000000070ec00000, 0x000000070ec00000|100%| E|CS|TAMS 0x000000070ea00000| PB 0x000000070ea00000| Complete |  0
|  28|0x000000070ec00000, 0x000000070ee00000, 0x000000070ee00000|100%| E|  |TAMS 0x000000070ec00000| PB 0x000000070ec00000| Complete |  0
|  29|0x000000070ee00000, 0x000000070f000000, 0x000000070f000000|100%| E|CS|TAMS 0x000000070ee00000| PB 0x000000070ee00000| Complete |  0
|  94|0x0000000717000000, 0x0000000717200000, 0x0000000717200000|100%| E|CS|TAMS 0x0000000717000000| PB 0x0000000717000000| Complete |  0
|  95|0x0000000717200000, 0x0000000717400000, 0x0000000717400000|100%| E|CS|TAMS 0x0000000717200000| PB 0x0000000717200000| Complete |  0
|  99|0x0000000717a00000, 0x0000000717c00000, 0x0000000717c00000|100%| E|CS|TAMS 0x0000000717a00000| PB 0x0000000717a00000| Complete |  0
| 100|0x0000000717c00000, 0x0000000717e00000, 0x0000000717e00000|100%| E|CS|TAMS 0x0000000717c00000| PB 0x0000000717c00000| Complete |  0
| 101|0x0000000717e00000, 0x0000000718000000, 0x0000000718000000|100%| E|CS|TAMS 0x0000000717e00000| PB 0x0000000717e00000| Complete |  0
| 122|0x000000071a800000, 0x000000071aa00000, 0x000000071aa00000|100%| E|CS|TAMS 0x000000071a800000| PB 0x000000071a800000| Complete |  0
|1957|0x00000007ffe00000, 0x0000000800000000, 0x0000000800000000|100%| E|CS|TAMS 0x00000007ffe00000| PB 0x00000007ffe00000| Complete |  0

Card table byte_map: [0x000002aa65800000,0x000002aa65fb0000] _byte_map_base: 0x000002aa61fa6000

Marking Bits: (CMBitMap*) 0x000002aa590d7360
 Bits: [0x000002aa65fb0000, 0x000002aa69ce0000)

Polling page: 0x000002aa58810000

Metaspace:
Metaspace        used 52415K, committed 52992K, reserved 1114112K
 class space     used 5623K, committed 5888K, reserved 1048576K

Usage:
  Non-class:     45.70 MB used.
      Class:      5.49 MB used.
       Both:     51.19 MB used.

Virtual space:
  Non-class space:       64.00 MB reserved,      46.00 MB ( 72%) committed,  1 nodes.
      Class space:        1.00 GB reserved,       5.75 MB ( <1%) committed,  1 nodes.
             Both:        1.06 GB reserved,      51.75 MB (  5%) committed. 

Chunk freelists:
   Non-Class:  1.78 MB
       Class:  10.30 MB
        Both:  12.08 MB

MaxMetaspaceSize: unlimited
CompressedClassSpaceSize: 1.00 GB
Initial GC threshold: 21.00 MB
Current GC threshold: 54.81 MB
CDS: on
 - commit_granule_bytes: 65536.
 - commit_granule_words: 8192.
 - virtual_space_node_default_size: 8388608.
 - enlarge_chunks_in_place: 1.
UseCompressedClassPointers 1, UseCompactObjectHeaders 0
Narrow klass pointer bits 32, Max shift 3
Narrow klass base: 0x0000000017000000, Narrow klass shift: 0
Encoding Range: [0x0000000017000000 - 0x0000000117000000), (4294967296 bytes)
Klass Range:    [0x0000000017010000 - 0x0000000058000000), (1090453504 bytes)
Klass ID Range:  [65536 - 1090519033) (1090453497)
Protection zone: [0x0000000017000000 - 0x0000000017010000), (65536 bytes)


Internal statistics:

num_allocs_failed_limit: 3.
num_arena_births: 744.
num_arena_deaths: 0.
num_vsnodes_births: 2.
num_vsnodes_deaths: 0.
num_space_committed: 828.
num_space_uncommitted: 0.
num_chunks_returned_to_freelist: 3.
num_chunks_taken_from_freelist: 2477.
num_chunk_merges: 3.
num_chunk_splits: 1784.
num_chunks_enlarged: 1393.
num_inconsistent_stats: 0.

CodeCache: size=49152Kb used=8812Kb max_used=10418Kb free=40339Kb
 bounds [0x000002aa618d0000, 0x000002aa62300000, 0x000002aa648d0000]
 total_blobs=6187, nmethods=5508, adapters=599, full_count=0
Compilation: enabled, stopped_count=0, restarted_count=0

Compilation events (20 events):
Event: 5.114 Thread 0x000002aa71086b00 5550       1       org.apache.tomcat.util.buf.Ascii::toLower (14 bytes)
Event: 5.114 Thread 0x000002aa71086b00 nmethod 5550 0x000002aa61d36588 code [0x000002aa61d36680, 0x000002aa61d36740]
Event: 5.116 Thread 0x000002aa71086b00 5551       1       jdk.internal.util.ByteArray::setLong (10 bytes)
Event: 5.117 Thread 0x000002aa71086b00 nmethod 5551 0x000002aa61d36288 code [0x000002aa61d36380, 0x000002aa61d364c0]
Event: 5.117 Thread 0x000002aa71086b00 5552       1       java.util.concurrent.locks.ReentrantReadWriteLock$Sync::exclusiveCount (7 bytes)
Event: 5.117 Thread 0x000002aa71086b00 nmethod 5552 0x000002aa61d35f88 code [0x000002aa61d36080, 0x000002aa61d36138]
Event: 5.117 Thread 0x000002aa71086b00 5553       1       java.io.ObjectStreamClass::hasWriteObjectMethod (17 bytes)
Event: 5.117 Thread 0x000002aa6c39df90 5554   !   1       java.io.ObjectOutputStream::defaultWriteFields (288 bytes)
Event: 5.117 Thread 0x000002aa71197ff0 5555       1       java.io.ObjectStreamClass::checkDefaultSerialize (20 bytes)
Event: 5.117 Thread 0x000002aa71086b00 nmethod 5553 0x000002aa61d35c88 code [0x000002aa61d35d80, 0x000002aa61d35f00]
Event: 5.117 Thread 0x000002aa71197ff0 nmethod 5555 0x000002aa61d35988 code [0x000002aa61d35a80, 0x000002aa61d35c80]
Event: 5.118 Thread 0x000002aa6c39df90 nmethod 5554 0x000002aa61d35108 code [0x000002aa61d35200, 0x000002aa61d35980]
Event: 5.147 Thread 0x000002aa6c39df90 5556       1       java.util.concurrent.locks.ReentrantLock::tryLock (8 bytes)
Event: 5.147 Thread 0x000002aa71086b00 5557       1       java.util.concurrent.locks.ReentrantLock$Sync::tryLock (63 bytes)
Event: 5.147 Thread 0x000002aa6c39df90 nmethod 5556 0x000002aa61d34908 code [0x000002aa61d34a00, 0x000002aa61d34af0]
Event: 5.147 Thread 0x000002aa71086b00 nmethod 5557 0x000002aa61d34588 code [0x000002aa61d34680, 0x000002aa61d34900]
Event: 5.159 Thread 0x000002aa71086b00 5559       1       tools.jackson.databind.MapperFeature::getLongMask (5 bytes)
Event: 5.159 Thread 0x000002aa71086b00 nmethod 5559 0x000002aa61d33a88 code [0x000002aa61d33b80, 0x000002aa61d33c48]
Event: 5.174 Thread 0x000002aa71086b00 5561       1       java.io.OutputStream::flush (1 bytes)
Event: 5.174 Thread 0x000002aa71086b00 nmethod 5561 0x000002aa61d32108 code [0x000002aa61d32200, 0x000002aa61d322c0]

GC Heap Usage History (14 events):
Event: 0.651 {heap Before GC invocations=0 (full 0):
 garbage-first heap   total reserved 4009984K, committed 253952K, used 48277K [0x000000070b400000, 0x0000000800000000)
  region size 2048K, 24 young (49152K), 0 survivors (0K)
}
Event: 0.655 {heap After GC invocations=1 (full 0):
 garbage-first heap   total reserved 4009984K, committed 253952K, used 11615K [0x000000070b400000, 0x0000000800000000)
  region size 2048K, 3 young (6144K), 3 survivors (6144K)
}
Event: 0.930 {heap Before GC invocations=1 (full 0):
 garbage-first heap   total reserved 4009984K, committed 253952K, used 52575K [0x000000070b400000, 0x0000000800000000)
  region size 2048K, 24 young (49152K), 3 survivors (6144K)
}
Event: 0.933 {heap After GC invocations=2 (full 0):
 garbage-first heap   total reserved 4009984K, committed 253952K, used 14665K [0x000000070b400000, 0x0000000800000000)
  region size 2048K, 5 young (10240K), 5 survivors (10240K)
}
Event: 1.160 {heap Before GC invocations=3 (full 0):
 garbage-first heap   total reserved 4009984K, committed 61440K, used 55625K [0x000000070b400000, 0x0000000800000000)
  region size 2048K, 26 young (53248K), 5 survivors (10240K)
}
Event: 1.166 {heap After GC invocations=4 (full 0):
 garbage-first heap   total reserved 4009984K, committed 75776K, used 19105K [0x000000070b400000, 0x0000000800000000)
  region size 2048K, 7 young (14336K), 7 survivors (14336K)
}
Event: 1.431 {heap Before GC invocations=4 (full 0):
 garbage-first heap   total reserved 4009984K, committed 75776K, used 49825K [0x000000070b400000, 0x0000000800000000)
  region size 2048K, 22 young (45056K), 7 survivors (14336K)
}
Event: 1.440 {heap After GC invocations=5 (full 0):
 garbage-first heap   total reserved 4009984K, committed 75776K, used 21451K [0x000000070b400000, 0x0000000800000000)
  region size 2048K, 2 young (4096K), 2 survivors (4096K)
}
Event: 1.659 {heap Before GC invocations=5 (full 0):
 garbage-first heap   total reserved 4009984K, committed 75776K, used 43979K [0x000000070b400000, 0x0000000800000000)
  region size 2048K, 14 young (28672K), 2 survivors (4096K)
}
Event: 1.662 {heap After GC invocations=6 (full 0):
 garbage-first heap   total reserved 4009984K, committed 75776K, used 22038K [0x000000070b400000, 0x0000000800000000)
  region size 2048K, 2 young (4096K), 2 survivors (4096K)
}
Event: 2.056 {heap Before GC invocations=7 (full 0):
 garbage-first heap   total reserved 4009984K, committed 75776K, used 56854K [0x000000070b400000, 0x0000000800000000)
  region size 2048K, 19 young (38912K), 2 survivors (4096K)
}
Event: 2.058 {heap After GC invocations=8 (full 0):
 garbage-first heap   total reserved 4009984K, committed 75776K, used 24840K [0x000000070b400000, 0x0000000800000000)
  region size 2048K, 3 young (6144K), 3 survivors (6144K)
}
Event: 2.418 {heap Before GC invocations=8 (full 0):
 garbage-first heap   total reserved 4009984K, committed 75776K, used 57608K [0x000000070b400000, 0x0000000800000000)
  region size 2048K, 19 young (38912K), 3 survivors (6144K)
}
Event: 2.420 {heap After GC invocations=9 (full 0):
 garbage-first heap   total reserved 4009984K, committed 75776K, used 27595K [0x000000070b400000, 0x0000000800000000)
  region size 2048K, 3 young (6144K), 3 survivors (6144K)
}

Metaspace Usage History (14 events):
Event: 0.651 {metaspace Before GC invocations=0 (full 0):
 Metaspace       used 10856K, committed 11072K, reserved 1114112K
  class space    used 1127K, committed 1216K, reserved 1048576K
}
Event: 0.655 {metaspace After GC invocations=1 (full 0):
 Metaspace       used 10856K, committed 11072K, reserved 1114112K
  class space    used 1127K, committed 1216K, reserved 1048576K
}
Event: 0.930 {metaspace Before GC invocations=1 (full 0):
 Metaspace       used 19788K, committed 20096K, reserved 1114112K
  class space    used 2148K, committed 2304K, reserved 1048576K
}
Event: 0.933 {metaspace After GC invocations=2 (full 0):
 Metaspace       used 19788K, committed 20096K, reserved 1114112K
  class space    used 2148K, committed 2304K, reserved 1048576K
}
Event: 1.160 {metaspace Before GC invocations=3 (full 0):
 Metaspace       used 25943K, committed 26304K, reserved 1114112K
  class space    used 2660K, committed 2816K, reserved 1048576K
}
Event: 1.166 {metaspace After GC invocations=4 (full 0):
 Metaspace       used 25943K, committed 26304K, reserved 1114112K
  class space    used 2660K, committed 2816K, reserved 1048576K
}
Event: 1.431 {metaspace Before GC invocations=4 (full 0):
 Metaspace       used 29421K, committed 29824K, reserved 1114112K
  class space    used 3019K, committed 3200K, reserved 1048576K
}
Event: 1.440 {metaspace After GC invocations=5 (full 0):
 Metaspace       used 29421K, committed 29824K, reserved 1114112K
  class space    used 3019K, committed 3200K, reserved 1048576K
}
Event: 1.659 {metaspace Before GC invocations=5 (full 0):
 Metaspace       used 33185K, committed 33536K, reserved 1114112K
  class space    used 3583K, committed 3712K, reserved 1048576K
}
Event: 1.662 {metaspace After GC invocations=6 (full 0):
 Metaspace       used 33185K, committed 33536K, reserved 1114112K
  class space    used 3583K, committed 3712K, reserved 1048576K
}
Event: 2.056 {metaspace Before GC invocations=7 (full 0):
 Metaspace       used 40049K, committed 40512K, reserved 1114112K
  class space    used 4361K, committed 4544K, reserved 1048576K
}
Event: 2.058 {metaspace After GC invocations=8 (full 0):
 Metaspace       used 40049K, committed 40512K, reserved 1114112K
  class space    used 4361K, committed 4544K, reserved 1048576K
}
Event: 2.418 {metaspace Before GC invocations=8 (full 0):
 Metaspace       used 47887K, committed 48384K, reserved 1114112K
  class space    used 5132K, committed 5312K, reserved 1048576K
}
Event: 2.420 {metaspace After GC invocations=9 (full 0):
 Metaspace       used 47887K, committed 48384K, reserved 1114112K
  class space    used 5132K, committed 5312K, reserved 1048576K
}

Dll operation events (16 events):
Event: 0.008 Loaded shared library C:\Program Files\Java\jdk-25\bin\java.dll
Event: 0.126 Loaded shared library C:\Program Files\Java\jdk-25\bin\zip.dll
Event: 0.130 Loaded shared library C:\Program Files\Java\jdk-25\bin\instrument.dll
Event: 0.132 Loaded shared library C:\Program Files\Java\jdk-25\bin\net.dll
Event: 0.134 Loaded shared library C:\Program Files\Java\jdk-25\bin\nio.dll
Event: 0.136 Loaded shared library C:\Program Files\Java\jdk-25\bin\zip.dll
Event: 0.172 Loaded shared library C:\Program Files\Java\jdk-25\bin\jimage.dll
Event: 0.211 Loaded shared library C:\Program Files\Java\jdk-25\bin\extnet.dll
Event: 0.215 Loaded shared library C:\Program Files\Java\jdk-25\bin\management.dll
Event: 0.222 Loaded shared library C:\Program Files\Java\jdk-25\bin\management_ext.dll
Event: 0.935 Loaded shared library C:\Program Files\Java\jdk-25\bin\sunmscapi.dll
Event: 1.884 Loaded shared library C:\Users\ASUS\AppData\Local\Temp\agripath_native\k_means_cluster.dll
Event: 1.885 Loaded shared library C:\Users\ASUS\AppData\Local\Temp\agripath_native\ResourceSearchJNI.dll
Event: 1.886 Loaded shared library C:\Users\ASUS\AppData\Local\Temp\agripath_native\AStarJNI.dll
Event: 2.225 Loaded shared library C:\Windows\System32\ucrtbase.dll
Event: 2.225 Loaded shared library C:\Program Files\Java\jdk-25\bin\syslookup.dll

Deoptimization events (2 events):
Event: 1.450 Thread 0x000002aa56ccf790 DEOPT PACKING pc=0x000002aa61e533b4 sp=0x000000e5e48fc290
Event: 1.450 Thread 0x000002aa56ccf790 DEOPT UNPACKING pc=0x000002aa619212a2 sp=0x000000e5e48fb788 mode 0

Classes loaded (20 events):
Event: 5.049 Loading class sun/nio/ch/SelectionKeyImpl
Event: 5.049 Loading class java/nio/channels/spi/AbstractSelectionKey
Event: 5.049 Loading class java/nio/channels/SelectionKey
Event: 5.049 Loading class java/nio/channels/SelectionKey done
Event: 5.049 Loading class java/nio/channels/spi/AbstractSelectionKey done
Event: 5.049 Loading class sun/nio/ch/SelectionKeyImpl done
Event: 5.049 Loading class java/lang/invoke/ConstantBootstraps
Event: 5.049 Loading class java/lang/invoke/ConstantBootstraps done
Event: 5.113 Loading class java/time/format/DateTimeFormatterBuilder$ZoneTextPrinterParser
Event: 5.113 Loading class java/time/format/DateTimeFormatterBuilder$ZoneTextPrinterParser done
Event: 5.113 Loading class java/time/format/DateTimeFormatterBuilder$ReducedPrinterParser
Event: 5.113 Loading class java/time/format/DateTimeFormatterBuilder$ReducedPrinterParser done
Event: 5.116 Loading class java/util/OptionalInt
Event: 5.116 Loading class java/util/OptionalInt done
Event: 5.116 Loading class java/util/OptionalLong
Event: 5.116 Loading class java/util/OptionalLong done
Event: 5.116 Loading class java/util/OptionalDouble
Event: 5.116 Loading class java/util/OptionalDouble done
Event: 5.143 Loading class sun/reflect/generics/tree/IntSignature
Event: 5.143 Loading class sun/reflect/generics/tree/IntSignature done

Classes unloaded (0 events):
No events

Classes redefined (0 events):
No events

Internal exceptions (20 events):
Event: 2.237 Thread 0x000002aa56ccf790 Exception <a 'java/lang/NoSuchMethodError'{0x000000070ec2e500}: 'void java.lang.invoke.DelegatingMethodHandle$Holder.reinvoke_L(java.lang.Object, java.lang.Object, java.lang.Object, long)'> (0x000000070ec2e500) 
thrown [s\open\src\hotspot\share\interpreter\linkResolver.cpp, line 804]
Event: 2.237 Thread 0x000002aa56ccf790 Exception <a 'java/lang/NoSuchMethodError'{0x000000070ec57610}: 'java.lang.Object java.lang.invoke.DirectMethodHandle$Holder.invokeInterface(java.lang.Object, java.lang.Object, long)'> (0x000000070ec57610) 
thrown [s\open\src\hotspot\share\interpreter\linkResolver.cpp, line 804]
Event: 2.238 Thread 0x000002aa56ccf790 Exception <a 'sun/nio/fs/WindowsException'{0x000000070ecb7c30}> (0x000000070ecb7c30) 
thrown [s\open\src\hotspot\share\prims\jni.cpp, line 516]
Event: 2.238 Thread 0x000002aa56ccf790 Exception <a 'sun/nio/fs/WindowsException'{0x000000070ecb8480}> (0x000000070ecb8480) 
thrown [s\open\src\hotspot\share\prims\jni.cpp, line 516]
Event: 2.242 Thread 0x000002aa56ccf790 Exception <a 'java/io/FileNotFoundException'{0x000000070ece53f8}> (0x000000070ece53f8) 
thrown [s\open\src\hotspot\share\prims\jni.cpp, line 516]
Event: 2.395 Thread 0x000002aa56ccf790 Exception <a 'java/lang/IncompatibleClassChangeError'{0x000000070e11ac80}: Found class java.lang.Object, but interface was expected> (0x000000070e11ac80) 
thrown [s\open\src\hotspot\share\interpreter\linkResolver.cpp, line 871]
Event: 2.401 Thread 0x000002aa56ccf790 Exception <a 'java/lang/IncompatibleClassChangeError'{0x000000070de27de0}: Found class java.lang.Object, but interface was expected> (0x000000070de27de0) 
thrown [s\open\src\hotspot\share\interpreter\linkResolver.cpp, line 871]
Event: 2.410 Thread 0x000002aa56ccf790 Exception <a 'java/lang/IncompatibleClassChangeError'{0x000000070df097c0}: Found class java.lang.Object, but interface was expected> (0x000000070df097c0) 
thrown [s\open\src\hotspot\share\interpreter\linkResolver.cpp, line 871]
Event: 2.486 Thread 0x000002aa56ccf790 Exception <a 'java/lang/NoSuchMethodError'{0x0000000717d334f8}: 'java.lang.Object java.lang.invoke.DirectMethodHandle$Holder.invokeVirtual(java.lang.Object, java.lang.Object, java.lang.Object, int)'> (0x0000000717d334f8) 
thrown [s\open\src\hotspot\share\interpreter\linkResolver.cpp, line 804]
Event: 2.510 Thread 0x000002aa56ccf790 Exception <a 'java/lang/NoSuchMethodError'{0x0000000717ba5fa8}: 'int java.lang.invoke.DirectMethodHandle$Holder.invokeStatic(java.lang.Object, java.lang.Object, java.lang.Object, java.lang.Object, java.lang.Object)'> (0x0000000717ba5fa8) 
thrown [s\open\src\hotspot\share\interpreter\linkResolver.cpp, line 804]
Event: 2.516 Thread 0x000002aa56ccf790 Exception <a 'java/lang/IncompatibleClassChangeError'{0x0000000717236a28}: Found class java.lang.Object, but interface was expected> (0x0000000717236a28) 
thrown [s\open\src\hotspot\share\interpreter\linkResolver.cpp, line 871]
Event: 2.530 Thread 0x000002aa56ccf790 Exception <a 'java/lang/NoSuchMethodError'{0x00000007173a9850}: 'java.lang.Object java.lang.invoke.DirectMethodHandle$Holder.newInvokeSpecial(java.lang.Object, java.lang.Object, int, java.lang.Object, java.lang.Object)'> (0x00000007173a9850) 
thrown [s\open\src\hotspot\share\interpreter\linkResolver.cpp, line 804]
Event: 2.530 Thread 0x000002aa56ccf790 Exception <a 'java/lang/NoSuchMethodError'{0x00000007173b2368}: 'java.lang.Object java.lang.invoke.DirectMethodHandle$Holder.invokeSpecial(java.lang.Object, java.lang.Object, java.lang.Object, int, java.lang.Object, java.lang.Object)'> (0x00000007173b2368) 
thrown [s\open\src\hotspot\share\interpreter\linkResolver.cpp, line 804]
Event: 2.809 Thread 0x000002aa73a5bc10 Exception <a 'java/lang/NoSuchMethodError'{0x000000070ef3ac20}: 'java.lang.Object java.lang.invoke.DirectMethodHandle$Holder.invokeInterface(java.lang.Object, java.lang.Object, java.lang.Object, java.lang.Object, java.lang.Object, java.lang.Object, java.lang.Object)'> (0x000000070ef3ac20) 
thrown [s\open\src\hotspot\share\interpreter\linkResolver.cpp, line 804]
Event: 5.047 Thread 0x000002aa73a5b440 Exception <a 'java/lang/NoSuchMethodError'{0x000000070ec0c408}: 'java.lang.Object java.lang.invoke.DirectMethodHandle$Holder.invokeStatic(java.lang.Object, java.lang.Object, java.lang.Object, int, int)'> (0x000000070ec0c408) 
thrown [s\open\src\hotspot\share\interpreter\linkResolver.cpp, line 804]
Event: 5.047 Thread 0x000002aa73a5b440 Exception <a 'java/lang/NoSuchMethodError'{0x000000070ec143b0}: 'java.lang.Object java.lang.invoke.DirectMethodHandle$Holder.invokeStaticInit(java.lang.Object, java.lang.Object, java.lang.Object, int, int)'> (0x000000070ec143b0) 
thrown [s\open\src\hotspot\share\interpreter\linkResolver.cpp, line 804]
Event: 5.065 Thread 0x000002aa737a8570 Exception <a 'java/lang/NoSuchMethodError'{0x000000070ed25b48}: 'java.lang.Object java.lang.invoke.DirectMethodHandle$Holder.invokeSpecial(java.lang.Object, java.lang.Object, java.lang.Object, java.lang.Object, java.lang.Object, long)'> (0x000000070ed25b48) 
thrown [s\open\src\hotspot\share\interpreter\linkResolver.cpp, line 804]
Event: 5.065 Thread 0x000002aa737a8570 Exception <a 'java/lang/NoSuchMethodError'{0x000000070ed2e4b0}: 'java.lang.Object java.lang.invoke.DirectMethodHandle$Holder.invokeSpecial(java.lang.Object, java.lang.Object, java.lang.Object, java.lang.Object, java.lang.Object, java.lang.Object, long)'> (0x000000070ed2e4b0) 
thrown [s\open\src\hotspot\share\interpreter\linkResolver.cpp, line 804]
Event: 5.065 Thread 0x000002aa737a8570 Exception <a 'java/lang/NoSuchMethodError'{0x000000070ed36860}: 'java.lang.Object java.lang.invoke.DelegatingMethodHandle$Holder.reinvoke_L(java.lang.Object, java.lang.Object, java.lang.Object, java.lang.Object, java.lang.Object, long)'> (0x000000070ed36860) 
thrown [s\open\src\hotspot\share\interpreter\linkResolver.cpp, line 804]
Event: 5.065 Thread 0x000002aa737a8570 Exception <a 'java/lang/NoSuchMethodError'{0x000000070ed46c88}: 'java.lang.Object java.lang.invoke.Invokers$Holder.linkToTargetMethod(java.lang.Object, java.lang.Object, java.lang.Object, long, java.lang.Object)'> (0x000000070ed46c88) 
thrown [s\open\src\hotspot\share\interpreter\linkResolver.cpp, line 804]

VM Operations (20 events):
Event: 2.056 Executing safepoint VM operation: G1CollectForAllocation (G1 Evacuation Pause)
Event: 2.058 Executing safepoint VM operation: G1CollectForAllocation (G1 Evacuation Pause) done
Event: 2.099 Executing non-safepoint VM operation: HandshakeAllThreads (Deoptimize)
Event: 2.099 Executing non-safepoint VM operation: HandshakeAllThreads (Deoptimize) done
Event: 2.101 Executing non-safepoint VM operation: HandshakeAllThreads (Deoptimize)
Event: 2.101 Executing non-safepoint VM operation: HandshakeAllThreads (Deoptimize) done
Event: 2.128 Executing non-safepoint VM operation: HandshakeAllThreads (Deoptimize)
Event: 2.128 Executing non-safepoint VM operation: HandshakeAllThreads (Deoptimize) done
Event: 2.234 Executing non-safepoint VM operation: HandshakeAllThreads (Deoptimize)
Event: 2.234 Executing non-safepoint VM operation: HandshakeAllThreads (Deoptimize) done
Event: 2.241 Executing non-safepoint VM operation: HandshakeAllThreads (Deoptimize)
Event: 2.241 Executing non-safepoint VM operation: HandshakeAllThreads (Deoptimize) done
Event: 2.311 Executing non-safepoint VM operation: HandshakeAllThreads (Deoptimize)
Event: 2.311 Executing non-safepoint VM operation: HandshakeAllThreads (Deoptimize) done
Event: 2.319 Executing non-safepoint VM operation: HandshakeAllThreads (Deoptimize)
Event: 2.319 Executing non-safepoint VM operation: HandshakeAllThreads (Deoptimize) done
Event: 2.405 Executing non-safepoint VM operation: HandshakeAllThreads (Deoptimize)
Event: 2.405 Executing non-safepoint VM operation: HandshakeAllThreads (Deoptimize) done
Event: 2.418 Executing safepoint VM operation: G1CollectForAllocation (G1 Evacuation Pause)
Event: 2.420 Executing safepoint VM operation: G1CollectForAllocation (G1 Evacuation Pause) done

Memory protections (0 events):
No events

Nmethod flushes (20 events):
Event: 1.670 Thread 0x000002aa6c36e9c0 flushing  nmethod 0x000002aa61b9e988
Event: 1.670 Thread 0x000002aa6c36e9c0 flushing  nmethod 0x000002aa61d68608
Event: 1.670 Thread 0x000002aa6c36e9c0 flushing  nmethod 0x000002aa61d8aa08
Event: 1.670 Thread 0x000002aa6c36e9c0 flushing  nmethod 0x000002aa61d9fb08
Event: 1.670 Thread 0x000002aa6c36e9c0 flushing  nmethod 0x000002aa61db6e88
Event: 1.670 Thread 0x000002aa6c36e9c0 flushing  nmethod 0x000002aa61dbe188
Event: 1.670 Thread 0x000002aa6c36e9c0 flushing  nmethod 0x000002aa61dc6708
Event: 1.670 Thread 0x000002aa6c36e9c0 flushing  nmethod 0x000002aa61dd1508
Event: 1.670 Thread 0x000002aa6c36e9c0 flushing  nmethod 0x000002aa61ddae88
Event: 1.670 Thread 0x000002aa6c36e9c0 flushing  nmethod 0x000002aa61ddd688
Event: 1.670 Thread 0x000002aa6c36e9c0 flushing  nmethod 0x000002aa61de9508
Event: 1.670 Thread 0x000002aa6c36e9c0 flushing  nmethod 0x000002aa61dfd888
Event: 1.670 Thread 0x000002aa6c36e9c0 flushing  nmethod 0x000002aa61e1ae88
Event: 1.670 Thread 0x000002aa6c36e9c0 flushing  nmethod 0x000002aa61e55d08
Event: 1.670 Thread 0x000002aa6c36e9c0 flushing  nmethod 0x000002aa61eb0688
Event: 1.670 Thread 0x000002aa6c36e9c0 flushing  nmethod 0x000002aa61ec5088
Event: 1.670 Thread 0x000002aa6c36e9c0 flushing  nmethod 0x000002aa61f12888
Event: 1.670 Thread 0x000002aa6c36e9c0 flushing  nmethod 0x000002aa61f6a908
Event: 1.670 Thread 0x000002aa6c36e9c0 flushing  nmethod 0x000002aa61fbd588
Event: 1.670 Thread 0x000002aa6c36e9c0 flushing  nmethod 0x000002aa61fc2d88

Events (20 events):
Event: 2.535 Thread 0x000002aa56ccf790 Thread added: 0x000002aa737ac3f0
Event: 2.535 Thread 0x000002aa56ccf790 Thread added: 0x000002aa737acbc0
Event: 2.535 Thread 0x000002aa56ccf790 Thread added: 0x000002aa737a9510
Event: 2.535 Thread 0x000002aa56ccf790 Thread added: 0x000002aa737ad390
Event: 2.535 Thread 0x000002aa56ccf790 Thread added: 0x000002aa737adb60
Event: 2.535 Thread 0x000002aa56ccf790 Thread added: 0x000002aa737aac80
Event: 2.541 Thread 0x000002aa56ccf790 Thread added: 0x000002aa73a5d380
Event: 2.541 Thread 0x000002aa56ccf790 Thread added: 0x000002aa73a5b440
Event: 2.548 Thread 0x000002aa56ccf790 Thread exited: 0x000002aa56ccf790
Event: 2.548 Thread 0x000002aa73a5ac70 Thread added: 0x000002aa73a5ac70
Event: 2.803 Thread 0x000002aa7212efc0 Thread added: 0x000002aa73a5bc10
Event: 2.805 Thread 0x000002aa73a5bc10 Thread exited: 0x000002aa73a5bc10
Event: 2.807 Thread 0x000002aa6c39d500 Thread added: 0x000002aa73a5bc10
Event: 2.807 Thread 0x000002aa73a5bc10 Thread added: 0x000002aa73a5cbb0
Event: 2.811 Thread 0x000002aa73a5cbb0 Thread exited: 0x000002aa73a5cbb0
Event: 2.811 Thread 0x000002aa73a5bc10 Thread added: 0x000002aa73a5cbb0
Event: 2.815 Thread 0x000002aa73a5cbb0 Thread exited: 0x000002aa73a5cbb0
Event: 4.061 Thread 0x000002aa716de130 Thread exited: 0x000002aa716de130
Event: 4.061 Thread 0x000002aa716dd920 Thread exited: 0x000002aa716dd920
Event: 4.061 Thread 0x000002aa716de940 Thread exited: 0x000002aa716de940


Dynamic libraries:
0x00007ff6cba20000 - 0x00007ff6cba30000 	C:\Program Files\Java\jdk-25\bin\java.exe
0x00007ff8eb760000 - 0x00007ff8eb9c7000 	C:\Windows\SYSTEM32\ntdll.dll
0x00007ff8e94f0000 - 0x00007ff8e95b9000 	C:\Windows\System32\KERNEL32.DLL
0x00007ff8e8890000 - 0x00007ff8e8c80000 	C:\Windows\System32\KERNELBASE.dll
0x00007ff8e8c90000 - 0x00007ff8e8ddb000 	C:\Windows\System32\ucrtbase.dll
0x00007ff8e3ff0000 - 0x00007ff8e4007000 	C:\Program Files\Java\jdk-25\bin\jli.dll
0x00007ff8e4010000 - 0x00007ff8e402e000 	C:\Program Files\Java\jdk-25\bin\VCRUNTIME140.dll
0x00007ff8e9ca0000 - 0x00007ff8e9e65000 	C:\Windows\System32\USER32.dll
0x00007ff8e8f20000 - 0x00007ff8e8f47000 	C:\Windows\System32\win32u.dll
0x00007ff8c5c90000 - 0x00007ff8c5f2a000 	C:\Windows\WinSxS\amd64_microsoft.windows.common-controls_6595b64144ccf1df_6.0.26100.4768_none_3e0c112ce331287c\COMCTL32.dll
0x00007ff8eae70000 - 0x00007ff8eae9b000 	C:\Windows\System32\GDI32.dll
0x00007ff8eaa80000 - 0x00007ff8eab29000 	C:\Windows\System32\msvcrt.dll
0x00007ff8e8de0000 - 0x00007ff8e8f18000 	C:\Windows\System32\gdi32full.dll
0x00007ff8e90a0000 - 0x00007ff8e9143000 	C:\Windows\System32\msvcp_win.dll
0x00007ff8e95c0000 - 0x00007ff8e95ef000 	C:\Windows\System32\IMM32.DLL
0x00007ff8e3f90000 - 0x00007ff8e3f9c000 	C:\Program Files\Java\jdk-25\bin\vcruntime140_1.dll
0x00007ff8611c0000 - 0x00007ff86124d000 	C:\Program Files\Java\jdk-25\bin\msvcp140.dll
0x00007fff8c270000 - 0x00007fff8d0cf000 	C:\Program Files\Java\jdk-25\bin\server\jvm.dll
0x00007ff8e9a70000 - 0x00007ff8e9b24000 	C:\Windows\System32\ADVAPI32.dll
0x00007ff8eaea0000 - 0x00007ff8eaf46000 	C:\Windows\System32\sechost.dll
0x00007ff8ea020000 - 0x00007ff8ea138000 	C:\Windows\System32\RPCRT4.dll
0x00007ff8eaf50000 - 0x00007ff8eafc4000 	C:\Windows\System32\WS2_32.dll
0x00007ff8e86f0000 - 0x00007ff8e874e000 	C:\Windows\SYSTEM32\POWRPROF.dll
0x00007ff8da8e0000 - 0x00007ff8da915000 	C:\Windows\SYSTEM32\WINMM.dll
0x00007ff8e16c0000 - 0x00007ff8e16cb000 	C:\Windows\SYSTEM32\VERSION.dll
0x00007ff8e86d0000 - 0x00007ff8e86e4000 	C:\Windows\SYSTEM32\UMPDC.dll
0x00007ff8e7610000 - 0x00007ff8e762b000 	C:\Windows\SYSTEM32\kernel.appcore.dll
0x00007ff8e3f80000 - 0x00007ff8e3f8a000 	C:\Program Files\Java\jdk-25\bin\jimage.dll
0x00007ff8e5ff0000 - 0x00007ff8e6231000 	C:\Windows\SYSTEM32\DBGHELP.DLL
0x00007ff8e9600000 - 0x00007ff8e9985000 	C:\Windows\System32\combase.dll
0x00007ff8eac40000 - 0x00007ff8ead20000 	C:\Windows\System32\OLEAUT32.dll
0x00007ff8c2500000 - 0x00007ff8c2543000 	C:\Windows\SYSTEM32\dbgcore.DLL
0x00007ff8e9150000 - 0x00007ff8e91e9000 	C:\Windows\System32\bcryptPrimitives.dll
0x00007ff8df370000 - 0x00007ff8df380000 	C:\Program Files\Java\jdk-25\bin\instrument.dll
0x00007ff8e1780000 - 0x00007ff8e179f000 	C:\Program Files\Java\jdk-25\bin\java.dll
0x00007ff8ea8d0000 - 0x00007ff8eaa70000 	C:\Windows\System32\ole32.dll
0x00007ff8eafd0000 - 0x00007ff8eb71d000 	C:\Windows\System32\SHELL32.dll
0x00007ff8e9370000 - 0x00007ff8e94e3000 	C:\Windows\System32\wintypes.dll
0x00007ff8e6490000 - 0x00007ff8e6cef000 	C:\Windows\SYSTEM32\windows.storage.dll
0x00007ff8ea5d0000 - 0x00007ff8ea6c5000 	C:\Windows\System32\SHCORE.dll
0x00007ff8e9a00000 - 0x00007ff8e9a6a000 	C:\Windows\System32\shlwapi.dll
0x00007ff8e87b0000 - 0x00007ff8e87d9000 	C:\Windows\SYSTEM32\profapi.dll
0x00007ff8caba0000 - 0x00007ff8cabb7000 	C:\Program Files\Java\jdk-25\bin\zip.dll
0x00007ff8df350000 - 0x00007ff8df362000 	C:\Program Files\Java\jdk-25\bin\net.dll
0x00007ff8e7ba0000 - 0x00007ff8e7c0b000 	C:\Windows\system32\mswsock.dll
0x00007ff8db960000 - 0x00007ff8db976000 	C:\Program Files\Java\jdk-25\bin\nio.dll
0x00007ff8e71c0000 - 0x00007ff8e72e6000 	C:\Windows\SYSTEM32\DNSAPI.dll
0x00007ff8e70d0000 - 0x00007ff8e7103000 	C:\Windows\SYSTEM32\IPHLPAPI.DLL
0x00007ff8eac30000 - 0x00007ff8eac3a000 	C:\Windows\System32\NSI.dll
0x00007ff8db8b0000 - 0x00007ff8db8b9000 	C:\Program Files\Java\jdk-25\bin\extnet.dll
0x00007ff8e08f0000 - 0x00007ff8e08fb000 	C:\Windows\System32\rasadhlp.dll
0x00007ff8e2870000 - 0x00007ff8e28f6000 	C:\Windows\System32\fwpuclnt.dll
0x00007ff8d9c90000 - 0x00007ff8d9c9a000 	C:\Program Files\Java\jdk-25\bin\management.dll
0x00007ff8cdc40000 - 0x00007ff8cdc4c000 	C:\Program Files\Java\jdk-25\bin\management_ext.dll
0x00007ff8ea8c0000 - 0x00007ff8ea8c8000 	C:\Windows\System32\PSAPI.DLL
0x00007ff8e7e60000 - 0x00007ff8e7e7b000 	C:\Windows\SYSTEM32\CRYPTSP.dll
0x00007ff8e7570000 - 0x00007ff8e75ab000 	C:\Windows\system32\rsaenh.dll
0x00007ff8e7c40000 - 0x00007ff8e7c6b000 	C:\Windows\SYSTEM32\USERENV.dll
0x00007ff8e8780000 - 0x00007ff8e87a6000 	C:\Windows\SYSTEM32\bcrypt.dll
0x00007ff8e7e80000 - 0x00007ff8e7e8c000 	C:\Windows\SYSTEM32\CRYPTBASE.dll
0x00007ff8b2840000 - 0x00007ff8b2858000 	C:\Windows\system32\napinsp.dll
0x00007ff8b2820000 - 0x00007ff8b2832000 	C:\Windows\System32\winrnr.dll
0x00007ff8b27e0000 - 0x00007ff8b2810000 	C:\Windows\system32\nlansp_c.dll
0x00007ff8b27b0000 - 0x00007ff8b27d0000 	C:\Windows\system32\wshbth.dll
0x00007ff8e3530000 - 0x00007ff8e357e000 	C:\Windows\SYSTEM32\pdh.dll
0x00007ff89ae20000 - 0x00007ff89ae32000 	C:\Windows\System32\perfproc.dll
0x00007ff89e380000 - 0x00007ff89e391000 	C:\Windows\System32\perfos.dll
0x00007ff8e6d20000 - 0x00007ff8e6d32000 	C:\Windows\SYSTEM32\pfclient.dll
0x00007ff8dcee0000 - 0x00007ff8dceee000 	C:\Program Files\Java\jdk-25\bin\sunmscapi.dll
0x00007ff8e91f0000 - 0x00007ff8e9367000 	C:\Windows\System32\CRYPT32.dll
0x00007ff8e80f0000 - 0x00007ff8e8120000 	C:\Windows\SYSTEM32\ncrypt.dll
0x00007ff8e80a0000 - 0x00007ff8e80df000 	C:\Windows\SYSTEM32\NTASN1.dll
0x00007fffcf380000 - 0x00007fffcf3e8000 	C:\Users\ASUS\AppData\Local\Temp\agripath_native\k_means_cluster.dll
0x00007ff861070000 - 0x00007ff861085000 	C:\msys64\ucrt64\bin\libwinpthread-1.dll
0x00007fffcf310000 - 0x00007fffcf378000 	C:\Users\ASUS\AppData\Local\Temp\agripath_native\ResourceSearchJNI.dll
0x00007fffcf2a0000 - 0x00007fffcf309000 	C:\Users\ASUS\AppData\Local\Temp\agripath_native\AStarJNI.dll
0x00007ff8adfa0000 - 0x00007ff8adfa9000 	C:\Program Files\Java\jdk-25\bin\syslookup.dll
0x00007ff8e2740000 - 0x00007ff8e275f000 	C:\Windows\SYSTEM32\dhcpcsvc6.DLL
0x00007ff8e2470000 - 0x00007ff8e2495000 	C:\Windows\SYSTEM32\dhcpcsvc.DLL
0x00007ff8a10d0000 - 0x00007ff8a10d8000 	C:\Windows\system32\wshunix.dll

JVMTI agents:
C:\Program Files\JetBrains\IntelliJ IDEA 2025.1.1.1\lib\idea_rt.jar path:C:\Program Files\Java\jdk-25\bin\instrument.dll, loaded, initialized, instrumentlib options:13572

dbghelp: loaded successfully - version: 4.0.5 - missing functions: none
symbol engine: initialized successfully - sym options: 0x614 - pdb path: .;C:\Program Files\Java\jdk-25\bin;C:\Windows\SYSTEM32;C:\Windows\WinSxS\amd64_microsoft.windows.common-controls_6595b64144ccf1df_6.0.26100.4768_none_3e0c112ce331287c;C:\Program Files\Java\jdk-25\bin\server;C:\Users\ASUS\AppData\Local\Temp\agripath_native;C:\msys64\ucrt64\bin

VM Arguments:
jvm_args: -XX:TieredStopAtLevel=1 -Dspring.output.ansi.enabled=always -Dcom.sun.management.jmxremote -Dspring.jmx.enabled=true -Dspring.liveBeansView.mbeanDomain -Dspring.application.admin.enabled=true -Dmanagement.endpoints.jmx.exposure.include=* -javaagent:C:\Program Files\JetBrains\IntelliJ IDEA 2025.1.1.1\lib\idea_rt.jar=13572 -Dfile.encoding=UTF-8 -Dsun.stdout.encoding=UTF-8 -Dsun.stderr.encoding=UTF-8 
java_command: com.agripath.AcpServerApplication
java_class_path (initial): D:\py_project\agricooppath\backend\ACP-server\target\classes;C:\Users\ASUS\.m2\repository\io\jsonwebtoken\jjwt-jackson\0.13.0\jjwt-jackson-0.13.0.jar;C:\Users\ASUS\.m2\repository\com\fasterxml\jackson\core\jackson-databind\2.20.2\jackson-databind-2.20.2.jar;C:\Users\ASUS\.m2\repository\com\fasterxml\jackson\core\jackson-annotations\2.20\jackson-annotations-2.20.jar;C:\Users\ASUS\.m2\repository\com\fasterxml\jackson\core\jackson-core\2.20.2\jackson-core-2.20.2.jar;C:\Users\ASUS\.m2\repository\io\jsonwebtoken\jjwt-impl\0.13.0\jjwt-impl-0.13.0.jar;C:\Users\ASUS\.m2\repository\com\mysql\mysql-connector-j\8.0.33\mysql-connector-j-8.0.33.jar;C:\Users\ASUS\.m2\repository\com\google\protobuf\protobuf-java\3.21.9\protobuf-java-3.21.9.jar;D:\py_project\agricooppath\backend\ACP-common\target\classes;C:\Users\ASUS\.m2\repository\org\springframework\spring-context\7.0.5\spring-context-7.0.5.jar;C:\Users\ASUS\.m2\repository\org\springframework\spring-aop\7.0.5\spring-aop-7.0.5.jar;C:\Users\ASUS\.m2\repository\org\springframework\spring-beans\7.0.5\spring-beans-7.0.5.jar;C:\Users\ASUS\.m2\repository\org\springframework\spring-expression\7.0.5\spring-expression-7.0.5.jar;C:\Users\ASUS\.m2\repository\io\micrometer\micrometer-observation\1.16.3\micrometer-observation-1.16.3.jar;C:\Users\ASUS\.m2\repository\io\micrometer\micrometer-commons\1.16.3\micrometer-commons-1.16.3.jar;C:\Users\ASUS\.m2\repository\org\springframework\boot\spring-boot\4.0.3\spring-boot-4.0.3.jar;D:\py_project\agricooppath\backend\ACP-pojo\target\classes;C:\Users\ASUS\.m2\repository\io\jsonwebtoken\jjwt-api\0.13.0\jjwt-api-0.13.0.jar;C:\Users\ASUS\.m2\repository\org\springframework\boot\spring-boot-starter\4.0.3\spring-boot-starter-4.0.3.jar;C:\Users\ASUS\.m2\repository\org\springframework\boot\spring-boot-starter-logging\4.0.3\spring-boot-starter-logging-4.0.3.jar;C:\Users\ASUS\.m2\repository\ch\qos\logback\logback-classic\1.5.32\logback-classic-1.5.32.jar;C:\Users\ASUS\.m2\repository\ch\qos\logback\logback-core\1.5.32\logback-core-1.5.32.jar;C:\Users\ASUS\.m2\repository\org\apache\logging\log4j\log4j-to-slf4j\2.25.3\log4j-to-slf4j-2.25.3.jar;C:\Users\ASUS\.m2\repository\org\apache\logging\log4j\log4j-api\2.25.3\log4j-api-2.25.3.jar;C:\Users\ASUS\.m2\repository\org\slf4j\jul-to-slf4j\2.0.17\jul-to-slf4j-2.0.17.jar;C:\Users\ASUS\.m2\repository\jakarta\annotation\jakarta.annotation-api\3.0.0\jakarta.annotation-api-3.0.0.jar;C:\Users\ASUS\.m2\repository\org\yaml\snakeyaml\2.5\snakeyaml-2.5.jar;C:\Users\ASUS\.m2\repository\org\springframework\boot\spring-boot-starter-websocket\4.0.3\spring-boot-starter-websocket-4.0.3.jar;C:\Users\ASUS\.m2\repository\org\springframework\boot\spring-boot-starter-webmvc\4.0.3\spring-boot-starter-webmvc-4.0.3.jar;C:\Users\ASUS\.m2\repository\org\springframework\boot\spring-boot-websocket\4.0.3\spring-boot-websocket-4.0.3.jar;C:\Users\ASUS\.m2\repository\org\springframework\spring-messaging\7.0.5\spring-messaging-7.0.5.jar;C:\Users\ASUS\.m2\repository\org\springframework\spring-websocket\7.0.5\spring-websocket-7.0.5.jar;C:\Users\ASUS\.m2\repository\org\springframework\boot\spring-boot-starter-cache\4.0.3\spring-boot-starter-cache-4.0.3.jar;C:\Users\ASUS\.m2\repository\org\springframework\boot\spring-boot-cache\4.0.3\spring-boot-cache-4.0.3.jar;C:\Users\ASUS\.m2\repository\org\springframework\spring-context-support\7.0.5\spring-context-support-7.0.5.jar;C:\Users\ASUS\.m2\repository\org\springframework\boot\spring-boot-starter-data-redis\4.0.3\spring-boot-starter-data-redis-4.0.3.jar;C:\Users\ASUS\.m2\repository\org\springframework\boot\spring-boot-data-redis\4.0.3\spring-boot-data-redis-4.0.3.jar;C:\Users\ASUS\.m2\repository\org\springframework\boot\spring-boot-data-commons\4.0.3\spring-boot-data-commons-4.0.3.jar;C:\Users\ASUS\.m2\repository\org\springframework\boot\spring-boot-persistence\4.0.3\spring-boot-persistence-4.0.3.jar;C:\Users\ASUS\.m2\repository\org\springframework\data\spring-data-commons\4.0.3\spring-data-commons-4.0.3.jar;C:\Users\ASUS\.m2\repository\org\springframework\boot\spring-boot-transaction\4.0.3\spring-boot-transaction-4.0.3.jar;C:\Users\ASUS\.m2\repository\org\springframework\spring-tx\7.0.5\spring-tx-7.0.5.jar;C:\Users\ASUS\.m2\repository\io\lettuce\lettuce-core\6.8.2.RELEASE\lettuce-core-6.8.2.RELEASE.jar;C:\Users\ASUS\.m2\repository\redis\clients\authentication\redis-authx-core\0.1.1-beta2\redis-authx-core-0.1.1-beta2.jar;C:\Users\ASUS\.m2\repository\io\netty\netty-common\4.2.10.Final\netty-common-4.2.10.Final.jar;C:\Users\ASUS\.m2\repository\io\netty\netty-handler\4.2.10.Final\netty-handler-4.2.10.Final.jar;C:\Users\ASUS\.m2\repository\io\netty\netty-resolver\4.2.10.Final\netty-resolver-4.2.10.Final.jar;C:\Users\ASUS\.m2\repository\io\netty\netty-buffer\4.2.10.Final\netty-buffer-4.2.10.Final.jar;C:\Users\ASUS\.m2\repository\io\netty\netty-transport-native-unix-common\4.2.10.Final\netty-transport-native-unix-common-4.2.10.Final.jar;C:\Users\ASUS\.m2\repository\io\netty\netty-codec-base\4.2.10.Final\netty-codec-base-4.2.10.Final.jar;C:\Users\ASUS\.m2\repository\io\netty\netty-transport\4.2.10.Final\netty-transport-4.2.10.Final.jar;C:\Users\ASUS\.m2\repository\io\projectreactor\reactor-core\3.8.3\reactor-core-3.8.3.jar;C:\Users\ASUS\.m2\repository\org\reactivestreams\reactive-streams\1.0.4\reactive-streams-1.0.4.jar;C:\Users\ASUS\.m2\repository\io\netty\netty-resolver-dns\4.2.10.Final\netty-resolver-dns-4.2.10.Final.jar;C:\Users\ASUS\.m2\repository\io\netty\netty-codec-dns\4.2.10.Final\netty-codec-dns-4.2.10.Final.jar;C:\Users\ASUS\.m2\repository\org\springframework\data\spring-data-redis\4.0.3\spring-data-redis-4.0.3.jar;C:\Users\ASUS\.m2\repository\org\springframework\data\spring-data-keyvalue\4.0.3\spring-data-keyvalue-4.0.3.jar;C:\Users\ASUS\.m2\repository\org\springframework\spring-oxm\7.0.5\spring-oxm-7.0.5.jar;C:\Users\ASUS\.m2\repository\org\springframework\boot\spring-boot-netty\4.0.3\spring-boot-netty-4.0.3.jar;C:\Users\ASUS\.m2\repository\com\github\xiaoymin\knife4j-spring-boot-starter\3.0.2\knife4j-spring-boot-starter-3.0.2.jar;C:\Users\ASUS\.m2\repository\com\github\xiaoymin\knife4j-spring-boot-autoconfigure\3.0.2\knife4j-spring-boot-autoconfigure-3.0.2.jar;C:\Users\ASUS\.m2\repository\com\github\xiaoymin\knife4j-spring\3.0.2\knife4j-spring-3.0.2.jar;C:\Users\ASUS\.m2\repository\com\github\xiaoymin\knife4j-annotations\3.0.2\knife4j-annotations-3.0.2.jar;C:\Users\ASUS\.m2\repository\io\swagger\swagger-annotations\1.5.22\swagger-annotations-1.5.22.jar;C:\Users\ASUS\.m2\repository\io\swagger\core\v3\swagger-annotations\2.1.2\swagger-annotations-2.1.2.jar;C:\Users\ASUS\.m2\repository\com\github\xiaoymin\knife4j-core\3.0.2\knife4j-core-3.0.2.jar;C:\Users\ASUS\.m2\repository\org\javassist\javassist\3.25.0-GA\javassist-3.25.0-GA.jar;C:\Users\ASUS\.m2\repository\io\springfox\springfox-swagger2\3.0.0\springfox-swagger2-3.0.0.jar;C:\Users\ASUS\.m2\repository\io\springfox\springfox-spi\3.0.0\springfox-spi-3.0.0.jar;C:\Users\ASUS\.m2\repository\io\springfox\springfox-schema\3.0.0\springfox-schema-3.0.0.jar;C:\Users\ASUS\.m2\repository\io\springfox\springfox-swagger-common\3.0.0\springfox-swagger-common-3.0.0.jar;C:\Users\ASUS\.m2\repository\io\springfox\springfox-spring-web\3.0.0\springfox-spring-web-3.0.0.jar;C:\Users\ASUS\.m2\repository\io\github\classgraph\classgraph\4.8.83\classgraph-4.8.83.jar;C:\Users\ASUS\.m2\repository\io\springfox\springfox-spring-webflux\3.0.0\springfox-spring-webflux-3.0.0.jar;C:\Users\ASUS\.m2\repository\org\mapstruct\mapstruct\1.3.1.Final\mapstruct-1.3.1.Final.jar;C:\Users\ASUS\.m2\repository\io\springfox\springfox-spring-webmvc\3.0.0\springfox-spring-webmvc-3.0.0.jar;C:\Users\ASUS\.m2\repository\io\springfox\springfox-core\3.0.0\springfox-core-3.0.0.jar;C:\Users\ASUS\.m2\repository\io\springfox\springfox-oas\3.0.0\springfox-oas-3.0.0.jar;C:\Users\ASUS\.m2\repository\io\swagger\core\v3\swagger-models\2.1.2\swagger-models-2.1.2.jar;C:\Users\ASUS\.m2\repository\io\springfox\springfox-bean-validators\3.0.0\springfox-bean-validators-3.0.0.jar;C:\Users\ASUS\.m2\repository\io\swagger\swagger-models\1.5.22\swagger-models-1.5.22.jar;C:\Users\ASUS\.m2\repository\io\swagger\swagger-core\1.5.22\swagger-core-1.5.22.jar;C:\Users\ASUS\.m2\repository\org\apache\commons\commons-lang3\3.19.0\commons-lang3-3.19.0.jar;C:\Users\ASUS\.m2\repository\com\fasterxml\jackson\dataformat\jackson-dataformat-yaml\2.20.2\jackson-dataformat-yaml-2.20.2.jar;C:\Users\ASUS\.m2\repository\com\google\guava\guava\27.0.1-android\guava-27.0.1-android.jar;C:\Users\ASUS\.m2\repository\com\google\guava\failureaccess\1.0.1\failureaccess-1.0.1.jar;C:\Users\ASUS\.m2\repository\com\google\guava\listenablefuture\9999.0-empty-to-avoid-conflict-with-guava\listenablefuture-9999.0-empty-to-avoid-conflict-with-guava.jar;C:\Users\ASUS\.m2\repository\com\google\code\findbugs\jsr305\3.0.2\jsr305-3.0.2.jar;C:\Users\ASUS\.m2\repository\org\checkerframework\checker-compat-qual\2.5.2\checker-compat-qual-2.5.2.jar;C:\Users\ASUS\.m2\repository\com\google\errorprone\error_prone_annotations\2.2.0\error_prone_annotations-2.2.0.jar;C:\Users\ASUS\.m2\repository\com\google\j2objc\j2objc-annotations\1.1\j2objc-annotations-1.1.jar;C:\Users\ASUS\.m2\repository\org\codehaus\mojo\animal-sniffer-annotations\1.17\animal-sniffer-annotations-1.17.jar;C:\Users\ASUS\.m2\repository\javax\validation\validation-api\1.1.0.Final\validation-api-1.1.0.Final.jar;C:\Users\ASUS\.m2\repository\io\springfox\springfox-boot-starter\3.0.0\springfox-boot-starter-3.0.0.jar;C:\Users\ASUS\.m2\repository\io\springfox\springfox-data-rest\3.0.0\springfox-data-rest-3.0.0.jar;C:\Users\ASUS\.m2\repository\com\fasterxml\classmate\1.7.3\classmate-1.7.3.jar;C:\Users\ASUS\.m2\repository\org\springframework\plugin\spring-plugin-core\2.0.0.RELEASE\spring-plugin-core-2.0.0.RELEASE.jar;C:\Users\ASUS\.m2\repository\org\springframework\plugin\spring-plugin-metadata\2.0.0.RELEASE\spring-plugin-metadata-2.0.0.RELEASE.jar;C:\Users\ASUS\.m2\repository\com\github\xiaoymin\knife4j-spring-ui\3.0.2\knife4j-spring-ui-3.0.2.jar;C:\Users\ASUS\.m2\repository\org\aspectj\aspectjweaver\1.9.4\aspectjweaver-1.9.4.jar;C:\Users\ASUS\.m2\repository\org\aspectj\aspectjrt\1.9.4\aspectjrt-1.9.4.jar;C:\Users\ASUS\.m2\repository\com\github\pagehelper\pagehelper-spring-boot-starter\1.3.0\pagehelper-spring-boot-starter-1.3.0.jar;C:\Users\ASUS\.m2\repository\com\github\pagehelper\pagehelper-spring-boot-autoconfigure\1.3.0\pagehelper-spring-boot-autoconfigure-1.3.0.jar;C:\Users\ASUS\.m2\repository\com\github\pagehelper\pagehelper\5.2.0\pagehelper-5.2.0.jar;C:\Users\ASUS\.m2\repository\com\github\jsqlparser\jsqlparser\3.2\jsqlparser-3.2.jar;C:\Users\ASUS\.m2\repository\com\alibaba\druid-spring-boot-starter\1.2.1\druid-spring-boot-starter-1.2.1.jar;C:\Users\ASUS\.m2\repository\com\alibaba\druid\1.2.1\druid-1.2.1.jar;C:\Users\ASUS\.m2\repository\javax\annotation\javax.annotation-api\1.3.2\javax.annotation-api-1.3.2.jar;C:\Users\ASUS\.m2\repository\org\slf4j\slf4j-api\2.0.17\slf4j-api-2.0.17.jar;C:\Users\ASUS\.m2\repository\com\alibaba\fastjson\1.2.76\fastjson-1.2.76.jar;C:\Users\ASUS\.m2\repository\org\projectlombok\lombok\1.18.42\lombok-1.18.42.jar;C:\Users\ASUS\.m2\repository\org\mybatis\spring\boot\mybatis-spring-boot-starter\4.0.1\mybatis-spring-boot-starter-4.0.1.jar;C:\Users\ASUS\.m2\repository\org\springframework\boot\spring-boot-starter-jdbc\4.0.3\spring-boot-starter-jdbc-4.0.3.jar;C:\Users\ASUS\.m2\repository\org\springframework\boot\spring-boot-jdbc\4.0.3\spring-boot-jdbc-4.0.3.jar;C:\Users\ASUS\.m2\repository\org\springframework\boot\spring-boot-sql\4.0.3\spring-boot-sql-4.0.3.jar;C:\Users\ASUS\.m2\repository\org\springframework\spring-jdbc\7.0.5\spring-jdbc-7.0.5.jar;C:\Users\ASUS\.m2\repository\com\zaxxer\HikariCP\7.0.2\HikariCP-7.0.2.jar;C:\Users\ASUS\.m2\repository\org\mybatis\spring\boot\mybatis-spring-boot-autoconfigure\4.0.1\mybatis-spring-boot-autoconfigure-4.0.1.jar;C:\Users\ASUS\.m2\repository\org\mybatis\mybatis\3.5.19\mybatis-3.5.19.jar;C:\Users\ASUS\.m2\repository\org\mybatis\mybatis-spring\4.0.0\mybatis-spring-4.0.0.jar;C:\Users\ASUS\.m2\repository\org\springframework\boot\spring-boot-autoconfigure\4.0.3\spring-boot-autoconfigure-4.0.3.jar;C:\Users\ASUS\.m2\repository\org\springframework\boot\spring-boot-starter-web\4.0.3\spring-boot-starter-web-4.0.3.jar;C:\Users\ASUS\.m2\repository\org\springframework\boot\spring-boot-starter-jackson\4.0.3\spring-boot-starter-jackson-4.0.3.jar;C:\Users\ASUS\.m2\repository\org\springframework\boot\spring-boot-jackson\4.0.3\spring-boot-jackson-4.0.3.jar;C:\Users\ASUS\.m2\repository\tools\jackson\core\jackson-databind\3.0.4\jackson-databind-3.0.4.jar;C:\Users\ASUS\.m2\repository\tools\jackson\core\jackson-core\3.0.4\jackson-core-3.0.4.jar;C:\Users\ASUS\.m2\repository\org\springframework\boot\spring-boot-starter-tomcat\4.0.3\spring-boot-starter-tomcat-4.0.3.jar;C:\Users\ASUS\.m2\repository\org\springframework\boot\spring-boot-starter-tomcat-runtime\4.0.3\spring-boot-starter-tomcat-runtime-4.0.3.jar;C:\Users\ASUS\.m2\repository\org\springframework\boot\spring-boot-web-server\4.0.3\spring-boot-web-server-4.0.3.jar;C:\Users\ASUS\.m2\repository\org\apache\tomcat\embed\tomcat-embed-core\11.0.18\tomcat-embed-core-11.0.18.jar;C:\Users\ASUS\.m2\repository\org\apache\tomcat\embed\tomcat-embed-el\11.0.18\tomcat-embed-el-11.0.18.jar;C:\Users\ASUS\.m2\repository\org\apache\tomcat\embed\tomcat-embed-websocket\11.0.18\tomcat-embed-websocket-11.0.18.jar;C:\Users\ASUS\.m2\repository\org\springframework\boot\spring-boot-tomcat\4.0.3\spring-boot-tomcat-4.0.3.jar;C:\Users\ASUS\.m2\repository\org\springframework\boot\spring-boot-http-converter\4.0.3\spring-boot-http-converter-4.0.3.jar;C:\Users\ASUS\.m2\repository\org\springframework\spring-web\7.0.5\spring-web-7.0.5.jar;C:\Users\ASUS\.m2\repository\org\springframework\boot\spring-boot-webmvc\4.0.3\spring-boot-webmvc-4.0.3.jar;C:\Users\ASUS\.m2\repository\org\springframework\boot\spring-boot-servlet\4.0.3\spring-boot-servlet-4.0.3.jar;C:\Users\ASUS\.m2\repository\org\springframework\spring-webmvc\7.0.5\spring-webmvc-7.0.5.jar;C:\Users\ASUS\.m2\repository\jakarta\xml\bind\jakarta.xml.bind-api\4.0.4\jakarta.xml.bind-api-4.0.4.jar;C:\Users\ASUS\.m2\repository\jakarta\activation\jakarta.activation-api\2.1.4\jakarta.activation-api-2.1.4.jar;C:\Users\ASUS\.m2\repository\net\bytebuddy\byte-buddy\1.17.8\byte-buddy-1.17.8.jar;C:\Users\ASUS\.m2\repository\org\springframework\spring-core\7.0.5\spring-core-7.0.5.jar;C:\Users\ASUS\.m2\repository\commons-logging\commons-logging\1.3.5\commons-logging-1.3.5.jar;C:\Users\ASUS\.m2\repository\org\jspecify\jspecify\1.0.0\jspecify-1.0.0.jar;C:\Users\ASUS\.m2\repository\cn\hutool\hutool-all\5.8.43\hutool-all-5.8.43.jar
Launcher Type: SUN_STANDARD

[Global flags]
     intx CICompilerCount                          = 12                                        {product} {ergonomic}
     uint ConcGCThreads                            = 3                                         {product} {ergonomic}
     uint G1ConcRefinementThreads                  = 13                                        {product} {ergonomic}
   size_t G1HeapRegionSize                         = 2097152                                   {product} {ergonomic}
   size_t InitialHeapSize                          = 257949696                                 {product} {ergonomic}
     bool ManagementServer                         = true                                      {product} {command line}
   size_t MarkStackSize                            = 4194304                                   {product} {ergonomic}
   size_t MarkStackSizeMax                         = 536870912                                 {product} {ergonomic}
   size_t MaxHeapSize                              = 4106223616                                {product} {ergonomic}
   size_t MaxNewSize                               = 2462056448                                {product} {ergonomic}
   size_t MinHeapDeltaBytes                        = 2097152                                   {product} {ergonomic}
   size_t MinHeapSize                              = 8388608                                   {product} {ergonomic}
    uintx NonNMethodCodeHeapSize                   = 4096                                   {pd product} {ergonomic}
    uintx NonProfiledCodeHeapSize                  = 0                                      {pd product} {ergonomic}
     bool ProfileInterpreter                       = false                                  {pd product} {command line}
    uintx ProfiledCodeHeapSize                     = 0                                      {pd product} {ergonomic}
   size_t SoftMaxHeapSize                          = 4106223616                             {manageable} {ergonomic}
     intx TieredStopAtLevel                        = 1                                         {product} {command line}
     bool UseCompressedOops                        = true                           {product lp64_product} {ergonomic}
     bool UseG1GC                                  = true                                      {product} {ergonomic}
     bool UseLargePagesIndividualAllocation        = false                                  {pd product} {ergonomic}

Logging:
Log output configuration:
 #0: stdout all=warning uptime,level,tags foldmultilines=false
 #1: stderr all=off uptime,level,tags foldmultilines=false

Release file:
IMPLEMENTOR="Oracle Corporation" 
JAVA_RUNTIME_VERSION="25.0.1+8-LTS-27" 
JAVA_VERSION="25.0.1" 
JAVA_VERSION_DATE="2025-10-21" 
LIBC="default" 
MODULES="java.base java.compiler java.datatransfer java.xml java.prefs java.desktop java.instrument java.logging java.management java.security.sasl java.naming java.rmi java.management.rmi java.net.http java.scripting java.security.jgss java.transaction.xa java.sql java.sql.rowset java.xml.crypto java.se java.smartcardio jdk.accessibility jdk.internal.jvmstat jdk.attach jdk.charsets jdk.internal.opt jdk.zipfs jdk.compiler jdk.crypto.cryptoki jdk.crypto.ec jdk.crypto.mscapi jdk.dynalink jdk.internal.ed jdk.editpad jdk.internal.vm.ci jdk.graal.compiler jdk.graal.compiler.management jdk.hotspot.agent jdk.httpserver jdk.incubator.vector jdk.internal.le jdk.internal.md jdk.jartool jdk.javadoc jdk.jcmd jdk.management jdk.management.agent jdk.jconsole jdk.jdeps jdk.jdwp.agent jdk.jdi jdk.jfr jdk.jlink jdk.jpackage jdk.jshell jdk.jsobject jdk.jstatd jdk.localedata jdk.management.jfr jdk.naming.dns jdk.naming.rmi jdk.net jdk.nio.mapmode jdk.sctp jdk.security.auth jdk.security.jgss jdk.unsupported jdk.unsupported.desktop jdk.xml.dom" 
OS_ARCH="x86_64" 
OS_NAME="Windows" 
SOURCE=".:git:862c85bc42b7 open:git:78770bfaefd2" 

Environment Variables:
JAVA_HOME=C:\Program Files\Java\jdk-25
PATH=C:\Users\ASUS\AppData\Local\Programs\Python\Python314\Scripts\;C:\Users\ASUS\AppData\Local\Programs\Python\Python314\;C:\Program Files\Java\jdk-25\bin;C:\msys64\usr\bin;C:\msys64\clang64\bin;C:\msys64\mingw64\bin;C:\msys64\ucrt64\bin;C:\Program Files\Common Files\Oracle\Java\javapath;C:\Windows\system32;C:\Windows;C:\Windows\System32\Wbem;C:\Windows\System32\WindowsPowerShell\v1.0\;C:\Windows\System32\OpenSSH\;C:\Program Files (x86)\NVIDIA Corporation\PhysX\Common;C:\Program Files\dotnet\;C:\Program Files\NVIDIA Corporation\NVIDIA App\NvDLISR;C:\Users\ASUS\AppData\Local\Programs\Microsoft VS Code\bin;D:\mingw\x86_64-15.2.0-release-win32-seh-ucrt-rt_v13-rev0\mingw64\bin;C:\Program Files\ffmpeg\bin;C:\Program Files\apache-maven-3.9.11-bin\apache-maven-3.9.11\bin;C:\Windows\system32\config\systemprofile\AppData\Local\Muse Hub\lib;C:\Program Files\MySQL\MySQL Server 9.6\bin;C:\Program Files\nodejs\;C:\Users\ASUS\.npm-global\node_modules;C:\Program Files\Git\cmd;C:\Program Files\Go\bin;C:\Users\ASUS\miniconda3;C:\Users\ASUS\miniconda3\Library\mingw-w64\bin;C:\Users\ASUS\miniconda3\Library\usr\bin;C:\Users\ASUS\miniconda3\Library\bin;C:\Users\ASUS\miniconda3\Scripts;c:\Users\ASUS\AppData\Local\Programs\Trae CN\bin;C:\Users\ASUS\.local\bin;C:\Users\ASUS\AppData\Local\Programs\Python\Python314\Scripts\;C:\Users\ASUS\AppData\Local\Programs\Python\Python314\;C:\Users\ASUS\.cargo\bin;C:\Users\ASUS\AppData\Local\Microsoft\WindowsApps;C:\Users\ASUS\AppData\Local\Programs\Microsoft VS Code\bin;D:\mingw\x86_64-15.2.0-release-win32-seh-ucrt-rt_v13-rev0\mingw64\bin;C:\Users\ASUS\AppData\Local\Muse Hub\lib;C:\Users\ASUS\AppData\Roaming\npm;C:\Users\ASUS\.npm-global;D:\goland\GoLand 2025.3.3\bin;D:\pycharm\PyCharm 2025.3.3\bin;C:\Users\ASUS\go\bin;C:\Users\ASUS\AppData\Local\Programs\Ollama
USERNAME=ASUS
OS=Windows_NT
PROCESSOR_IDENTIFIER=AMD64 Family 25 Model 117 Stepping 2, AuthenticAMD
TMP=C:\Users\ASUS\AppData\Local\Temp
TEMP=C:\Users\ASUS\AppData\Local\Temp




Compilation memory statistics disabled.

Periodic native trim disabled

---------------  S Y S T E M  ---------------

OS:
 Windows 11 , 64 bit Build 26100 (10.0.26100.4768)
OS uptime: 7 days 16:22 hours

CPU: total 16 (initial active 16) (16 cores per cpu, 2 threads per core) family 25 model 117 stepping 2 microcode 0xa705206, cx8, cmov, fxsr, ht, mmx, 3dnowpref, sse, sse2, sse3, ssse3, sse4a, sse4.1, sse4.2, popcnt, lzcnt, tsc, tscinvbit, avx, avx2, aes, erms, clmul, bmi1, bmi2, adx, avx512f, avx512dq, avx512cd, avx512bw, avx512vl, sha, fma, vzeroupper, avx512_vpopcntdq, avx512_vpclmulqdq, avx512_vaes, avx512_vnni, clflush, clflushopt, clwb, avx512_vbmi2, avx512_vbmi, rdtscp, rdpid, fsrm, gfni, avx512_bitalg, f16c, pku, cet_ss, avx512_ifma
Processor Information for the first 16 processors :
  Max Mhz: 3801, Current Mhz: 3801, Mhz Limit: 3801

Memory: 4k page, system-wide physical 15658M (2357M free)
TotalPageFile size 34793M (AvailPageFile size 1833M)
current process WorkingSet (physical memory assigned to process): 213M, peak: 213M
current process commit charge ("private bytes"): 264M, peak: 390M

vm_info: Java HotSpot(TM) 64-Bit Server VM (25.0.1+8-LTS-27) for windows-amd64 JRE (25.0.1+8-LTS-27), built on 2025-09-25T16:41:16Z with unknown MS VC++:1943

END.
